-- phpMyAdmin SQL Dump
-- version 4.7.4
-- https://www.phpmyadmin.net/
--
-- Host: 127.0.0.1
-- Generation Time: Jan 20, 2019 at 06:45 PM
-- Server version: 10.1.28-MariaDB
-- PHP Version: 7.1.11

SET SQL_MODE = "NO_AUTO_VALUE_ON_ZERO";
SET AUTOCOMMIT = 0;
START TRANSACTION;
SET time_zone = "+00:00";


/*!40101 SET @OLD_CHARACTER_SET_CLIENT=@@CHARACTER_SET_CLIENT */;
/*!40101 SET @OLD_CHARACTER_SET_RESULTS=@@CHARACTER_SET_RESULTS */;
/*!40101 SET @OLD_COLLATION_CONNECTION=@@COLLATION_CONNECTION */;
/*!40101 SET NAMES utf8mb4 */;

--
-- Database: `eapi`
--

-- --------------------------------------------------------

--
-- Table structure for table `migrations`
--

CREATE TABLE `migrations` (
  `id` int(10) UNSIGNED NOT NULL,
  `migration` varchar(191) COLLATE utf8mb4_unicode_ci NOT NULL,
  `batch` int(11) NOT NULL
) ENGINE=InnoDB DEFAULT CHARSET=utf8mb4 COLLATE=utf8mb4_unicode_ci;

--
-- Dumping data for table `migrations`
--

INSERT INTO `migrations` (`id`, `migration`, `batch`) VALUES
(1, '2014_10_12_000000_create_users_table', 1),
(2, '2014_10_12_100000_create_password_resets_table', 1),
(3, '2019_01_20_074943_create_products_table', 1),
(4, '2019_01_20_075314_create_reviews_table', 1);

-- --------------------------------------------------------

--
-- Table structure for table `password_resets`
--

CREATE TABLE `password_resets` (
  `email` varchar(191) COLLATE utf8mb4_unicode_ci NOT NULL,
  `token` varchar(191) COLLATE utf8mb4_unicode_ci NOT NULL,
  `created_at` timestamp NULL DEFAULT NULL
) ENGINE=InnoDB DEFAULT CHARSET=utf8mb4 COLLATE=utf8mb4_unicode_ci;

-- --------------------------------------------------------

--
-- Table structure for table `products`
--

CREATE TABLE `products` (
  `id` int(10) UNSIGNED NOT NULL,
  `name` varchar(191) COLLATE utf8mb4_unicode_ci NOT NULL,
  `detail` text COLLATE utf8mb4_unicode_ci NOT NULL,
  `price` int(11) NOT NULL,
  `stock` int(11) NOT NULL,
  `discount` int(11) NOT NULL,
  `created_at` timestamp NULL DEFAULT NULL,
  `updated_at` timestamp NULL DEFAULT NULL
) ENGINE=InnoDB DEFAULT CHARSET=utf8mb4 COLLATE=utf8mb4_unicode_ci;

--
-- Dumping data for table `products`
--

INSERT INTO `products` (`id`, `name`, `detail`, `price`, `stock`, `discount`, `created_at`, `updated_at`) VALUES
(1, 'occaecati', 'Eaque est beatae explicabo autem. Praesentium tempore est velit reiciendis beatae. Magni omnis labore sit ut dolores incidunt ut.', 853, 7, 28, '2019-01-21 01:41:13', '2019-01-21 01:41:13'),
(2, 'temporibus', 'Quia et necessitatibus accusamus voluptatibus nobis. Ut accusamus culpa natus accusamus et. Autem culpa aliquid molestiae aspernatur tenetur et. Iste vitae non aspernatur nisi.', 853, 3, 28, '2019-01-21 01:41:13', '2019-01-21 01:41:13'),
(3, 'iure', 'Id unde distinctio sed placeat non. Dignissimos qui possimus quo in officia vero. Et ratione modi doloremque quisquam velit. Est est voluptatem reprehenderit minus velit.', 461, 0, 9, '2019-01-21 01:41:13', '2019-01-21 01:41:13'),
(4, 'itaque', 'Sed recusandae veritatis et nihil ullam. Tempora fugiat consectetur aut eum. Nam et voluptatibus voluptatem in aliquid et eius. Aut aut dolores dolor et.', 645, 6, 28, '2019-01-21 01:41:13', '2019-01-21 01:41:13'),
(5, 'error', 'Voluptatem molestias et saepe quo quia voluptatem. Incidunt repellendus aut veniam cupiditate.', 687, 6, 27, '2019-01-21 01:41:14', '2019-01-21 01:41:14'),
(6, 'est', 'Quia autem vero libero laudantium omnis. Aut aliquam ut ab.', 114, 4, 27, '2019-01-21 01:41:14', '2019-01-21 01:41:14'),
(7, 'neque', 'Voluptatem sunt tempore aliquid ea aut omnis dolores. Molestiae natus labore molestias ea autem accusantium. Ut non animi et exercitationem veritatis et molestiae soluta. Id magnam autem culpa ipsa ut voluptate expedita.', 357, 0, 17, '2019-01-21 01:41:14', '2019-01-21 01:41:14'),
(8, 'cum', 'Eos dolorem ducimus enim voluptatem. Est ut ipsum ut. Qui odio qui ipsum recusandae ut.', 990, 7, 9, '2019-01-21 01:41:14', '2019-01-21 01:41:14'),
(9, 'dicta', 'Voluptatem laborum qui autem atque eum ipsam. Ut in animi velit ipsa hic laborum excepturi. Doloremque aut ea consequatur facilis repudiandae et.', 372, 2, 11, '2019-01-21 01:41:14', '2019-01-21 01:41:14'),
(10, 'blanditiis', 'Quaerat perspiciatis itaque vero ut. Deserunt provident qui animi numquam commodi sint pariatur ut.', 474, 7, 25, '2019-01-21 01:41:14', '2019-01-21 01:41:14'),
(11, 'minus', 'Impedit est odit nihil non non dolorem. Alias commodi quia in vero numquam debitis sit aliquam.', 499, 1, 26, '2019-01-21 01:41:14', '2019-01-21 01:41:14'),
(12, 'ipsam', 'Assumenda voluptate ut accusantium eligendi. Laudantium exercitationem et voluptatibus neque nisi. Reiciendis amet eum nam iste a.', 787, 4, 30, '2019-01-21 01:41:14', '2019-01-21 01:41:14'),
(13, 'iusto', 'Eum illum fugit qui distinctio. Nobis sequi iste tempora quia fuga. Et quod voluptatum consequatur. Voluptatem totam et iusto molestiae et quia iste.', 574, 6, 13, '2019-01-21 01:41:14', '2019-01-21 01:41:14'),
(14, 'sed', 'Et quod iusto odit. Libero porro reprehenderit consequuntur aliquam quisquam iure. Laborum earum ipsum alias eaque. Deleniti quis quo qui perspiciatis tempore in dolorum.', 200, 9, 20, '2019-01-21 01:41:14', '2019-01-21 01:41:14'),
(15, 'nesciunt', 'Voluptatum iusto voluptatibus numquam consectetur. Inventore ipsa deserunt itaque qui sapiente. Est rerum sunt delectus laudantium fugit.', 755, 3, 26, '2019-01-21 01:41:14', '2019-01-21 01:41:14'),
(16, 'quam', 'Totam et at sed doloremque. At voluptatum iusto et veritatis esse adipisci accusantium.', 122, 4, 5, '2019-01-21 01:41:14', '2019-01-21 01:41:14'),
(17, 'dicta', 'Quia vitae et incidunt hic ut incidunt veniam. Et ut optio quos iste repudiandae. Officiis reprehenderit voluptates possimus itaque vero quod maxime. Ex ut ut harum.', 727, 0, 19, '2019-01-21 01:41:14', '2019-01-21 01:41:14'),
(18, 'nobis', 'Iusto dignissimos magni error. Est dolorum officia porro ab cumque. Aut porro dicta dolores ut ratione vitae ratione. Voluptas provident consequatur assumenda quo ducimus fugit perferendis doloribus.', 1000, 4, 23, '2019-01-21 01:41:14', '2019-01-21 01:41:14'),
(19, 'debitis', 'Omnis assumenda et molestiae dignissimos natus. Cupiditate ut sit quae reprehenderit culpa. Minima eum eligendi cum suscipit. Quis optio in exercitationem debitis.', 231, 5, 9, '2019-01-21 01:41:14', '2019-01-21 01:41:14'),
(20, 'quibusdam', 'Saepe culpa architecto numquam dolores. Et repudiandae sed totam quaerat iure molestiae nam. Nam velit id vero labore enim nisi.', 572, 9, 9, '2019-01-21 01:41:14', '2019-01-21 01:41:14'),
(21, 'exercitationem', 'Ea facilis esse quo natus natus. Nihil perferendis non maiores aut non. Laudantium voluptatibus aut reprehenderit qui quisquam ducimus quia. Molestias eveniet et aliquid neque fuga voluptatem iste.', 442, 0, 26, '2019-01-21 01:41:14', '2019-01-21 01:41:14'),
(22, 'delectus', 'Exercitationem cum qui et. Nobis deleniti voluptatem quos aliquid eveniet culpa vel. Aspernatur quo delectus corporis totam soluta dicta. Voluptatem alias odit quasi voluptas totam.', 538, 7, 3, '2019-01-21 01:41:14', '2019-01-21 01:41:14'),
(23, 'et', 'Quo sint illum sit nemo quia perferendis. Nisi occaecati id consequatur reiciendis dolor in. Enim eum et quaerat excepturi illo.', 678, 1, 7, '2019-01-21 01:41:14', '2019-01-21 01:41:14'),
(24, 'error', 'Aut occaecati iste ut aspernatur dolorum aut non. Minima at quia saepe quidem atque similique. Ut aut necessitatibus repellat repellendus.', 939, 2, 22, '2019-01-21 01:41:14', '2019-01-21 01:41:14'),
(25, 'eveniet', 'Non facere labore sint quam. Deserunt libero voluptatem quaerat delectus quas ut doloremque. Autem cum consequuntur est unde.', 334, 9, 21, '2019-01-21 01:41:14', '2019-01-21 01:41:14'),
(26, 'voluptatem', 'Consectetur perferendis et deleniti aut a quis sed. Laudantium et iure eos autem. Aspernatur numquam molestiae odio voluptatem. Rerum quis culpa eum est aut provident ut non.', 453, 7, 2, '2019-01-21 01:41:15', '2019-01-21 01:41:15'),
(27, 'omnis', 'Et et odit sequi dicta quisquam quae perspiciatis. Est qui saepe sint accusamus ad. Repellat aut earum nulla consectetur fugit.', 988, 0, 14, '2019-01-21 01:41:15', '2019-01-21 01:41:15'),
(28, 'distinctio', 'Repellat ea nostrum quis tempore. Doloribus qui dolor hic sed ut provident. Reiciendis eaque placeat ipsam quia. Perferendis reiciendis nemo officiis et unde et aut.', 572, 2, 29, '2019-01-21 01:41:15', '2019-01-21 01:41:15'),
(29, 'facilis', 'Est sit atque illo incidunt. Ex dolores sapiente aut laboriosam autem et a. Officiis explicabo nesciunt ducimus dolorum perspiciatis omnis modi.', 287, 1, 24, '2019-01-21 01:41:15', '2019-01-21 01:41:15'),
(30, 'cupiditate', 'Sunt esse nulla accusamus harum beatae qui consequatur. Unde consequatur facilis ipsa quos. Voluptatem id voluptas illum voluptatem ut sed dolor. Et suscipit ab rerum omnis laborum aperiam iure consequuntur.', 166, 5, 13, '2019-01-21 01:41:15', '2019-01-21 01:41:15'),
(31, 'dolore', 'Unde beatae aut tempora rerum. Aut veniam nesciunt cumque placeat. Similique veritatis ipsum et tempore. Dolorem corrupti veritatis commodi alias explicabo.', 543, 0, 28, '2019-01-21 01:41:15', '2019-01-21 01:41:15'),
(32, 'recusandae', 'Numquam similique quia rem quae. Consequatur explicabo nesciunt in officia dolor quo voluptas. Quaerat laboriosam dolorum vitae ratione repudiandae harum. Perferendis nobis occaecati nobis autem.', 862, 5, 30, '2019-01-21 01:41:15', '2019-01-21 01:41:15'),
(33, 'eveniet', 'Autem quidem omnis non harum. Quos expedita necessitatibus dignissimos et minus. Exercitationem beatae at unde.', 443, 5, 29, '2019-01-21 01:41:15', '2019-01-21 01:41:15'),
(34, 'beatae', 'Rem qui aliquid nulla optio illum molestiae modi. Eaque sit magnam voluptate facere rem distinctio. Aliquam qui hic vel fugit at placeat temporibus. Magnam animi sit sit numquam qui non.', 635, 4, 2, '2019-01-21 01:41:15', '2019-01-21 01:41:15'),
(35, 'aut', 'Modi nobis non esse. Pariatur est nemo ut officiis. Maiores ut debitis aliquid cum officiis ipsa facere.', 528, 1, 10, '2019-01-21 01:41:15', '2019-01-21 01:41:15'),
(36, 'enim', 'Labore et eos eum repellat suscipit ea. Est possimus et laborum sint nostrum. Omnis cum mollitia quo earum blanditiis id sunt. Quis doloremque distinctio sit fugit facilis.', 533, 5, 9, '2019-01-21 01:41:15', '2019-01-21 01:41:15'),
(37, 'dignissimos', 'Deleniti possimus dolor exercitationem possimus delectus. Sed et ea repellat et voluptatem quis est. Velit architecto unde et itaque. Doloremque ut sit vel officiis.', 527, 7, 17, '2019-01-21 01:41:15', '2019-01-21 01:41:15'),
(38, 'voluptatibus', 'Quia voluptatem exercitationem minus fugiat. Iusto et et ut. Alias porro error numquam aut non et. Tempora dolores vel sunt voluptas dolore maiores ut.', 131, 2, 24, '2019-01-21 01:41:15', '2019-01-21 01:41:15'),
(39, 'aliquid', 'Rem excepturi perspiciatis ut voluptatibus nisi. Amet dignissimos eius ut aliquam voluptatem est. Voluptate esse qui fugiat doloribus doloribus nihil.', 588, 2, 15, '2019-01-21 01:41:15', '2019-01-21 01:41:15'),
(40, 'ratione', 'Ducimus nihil quis soluta quibusdam non unde. Repellendus hic incidunt aspernatur enim quod harum. Aut voluptas ipsam aliquam voluptatem.', 817, 8, 3, '2019-01-21 01:41:15', '2019-01-21 01:41:15'),
(41, 'voluptatem', 'Illo necessitatibus aliquam recusandae soluta libero. Est voluptatem nulla eos deserunt similique. Quia voluptatem ut cum soluta in ut incidunt consectetur. Iure magnam reprehenderit omnis quis ipsum consectetur labore.', 283, 0, 10, '2019-01-21 01:41:15', '2019-01-21 01:41:15'),
(42, 'quo', 'Dolorum molestias eligendi ut ullam inventore est. Voluptas veniam voluptatibus tempore animi asperiores at nulla. Animi assumenda unde quibusdam possimus. Consectetur enim ut eos dolorum iste.', 716, 0, 15, '2019-01-21 01:41:15', '2019-01-21 01:41:15'),
(43, 'dolore', 'Vel voluptatem est deleniti. Magnam vitae dolore qui accusamus voluptate cum.', 163, 3, 16, '2019-01-21 01:41:15', '2019-01-21 01:41:15'),
(44, 'ut', 'Enim fugit aut ducimus molestiae unde et facere. Tenetur aspernatur dolore laborum eveniet qui. Assumenda eius rerum et dolorem iusto neque. Voluptatem quis quibusdam ut nihil ipsa.', 889, 4, 12, '2019-01-21 01:41:15', '2019-01-21 01:41:15'),
(45, 'odit', 'Impedit tempore sunt facere nostrum. Occaecati et facilis autem est voluptatem. Et numquam fugiat hic repudiandae unde. Magni sed corrupti rem repellendus sed sit repellendus sit.', 208, 4, 18, '2019-01-21 01:41:15', '2019-01-21 01:41:15'),
(46, 'magnam', 'Asperiores at fuga vel quos. Nihil blanditiis perferendis recusandae quis. Rem consequatur non error est voluptatem recusandae.', 288, 6, 24, '2019-01-21 01:41:15', '2019-01-21 01:41:15'),
(47, 'voluptas', 'Illo amet officiis nihil voluptatem molestias. Molestiae suscipit velit id. Cumque quos pariatur animi in. Omnis dolore dolor veritatis error ut aliquid.', 692, 3, 23, '2019-01-21 01:41:15', '2019-01-21 01:41:15'),
(48, 'illum', 'Assumenda aut illum ipsum dignissimos. Numquam occaecati cupiditate quos mollitia quisquam. Hic ipsum aut sequi rerum et esse eos. Consectetur animi laborum est temporibus sit dolorum.', 546, 5, 19, '2019-01-21 01:41:16', '2019-01-21 01:41:16'),
(49, 'provident', 'Enim quaerat minus qui aut. Nam fuga reprehenderit nesciunt dolorem doloremque non voluptates. Quas soluta hic vero possimus sunt dolore sapiente vitae.', 154, 0, 18, '2019-01-21 01:41:16', '2019-01-21 01:41:16'),
(50, 'debitis', 'Dolores odio commodi dolores modi. Doloremque quasi quam cupiditate ad praesentium. Alias numquam molestias et totam iure eum occaecati nobis.', 742, 1, 23, '2019-01-21 01:41:16', '2019-01-21 01:41:16');

-- --------------------------------------------------------

--
-- Table structure for table `reviews`
--

CREATE TABLE `reviews` (
  `id` int(10) UNSIGNED NOT NULL,
  `product_id` int(10) UNSIGNED NOT NULL,
  `customer` varchar(191) COLLATE utf8mb4_unicode_ci NOT NULL,
  `review` text COLLATE utf8mb4_unicode_ci NOT NULL,
  `star` int(11) NOT NULL,
  `created_at` timestamp NULL DEFAULT NULL,
  `updated_at` timestamp NULL DEFAULT NULL
) ENGINE=InnoDB DEFAULT CHARSET=utf8mb4 COLLATE=utf8mb4_unicode_ci;

--
-- Dumping data for table `reviews`
--

INSERT INTO `reviews` (`id`, `product_id`, `customer`, `review`, `star`, `created_at`, `updated_at`) VALUES
(1, 25, 'Dr. Oswaldo Champlin II', 'Saepe harum sed at et provident nulla sunt. Rem iure sint facilis iure. Voluptatem asperiores saepe ipsam nihil minima laborum.', 1, '2019-01-21 01:41:16', '2019-01-21 01:41:16'),
(2, 15, 'Kareem Nitzsche', 'Voluptates nisi consectetur ut quod. Consequuntur sit quia consequuntur enim. Repellendus ea nulla sint quis similique.', 1, '2019-01-21 01:41:17', '2019-01-21 01:41:17'),
(3, 40, 'Claudine Harvey', 'Aut molestias dolorum molestiae et natus voluptates provident. Est omnis atque qui aliquid eum et. Nulla suscipit dolores aut quaerat qui.', 2, '2019-01-21 01:41:17', '2019-01-21 01:41:17'),
(4, 26, 'Bartholome Hintz', 'Eum nihil corporis natus ducimus molestias rem quis fugiat. Enim eos id soluta. Odit voluptatem excepturi vitae ut ut.', 4, '2019-01-21 01:41:17', '2019-01-21 01:41:17'),
(5, 21, 'Miss Vivienne Jones MD', 'Modi molestiae laudantium sed numquam id consectetur sunt. Dolores quos quas alias illum asperiores. Qui aut qui voluptatem minima.', 1, '2019-01-21 01:41:17', '2019-01-21 01:41:17'),
(6, 12, 'Mr. Angelo Jones IV', 'Vel deleniti vel ea officia et non et beatae. Soluta esse consequatur fuga et unde dolor voluptatem. Consectetur culpa asperiores repellat voluptas neque alias. Perferendis ipsa vero voluptas.', 0, '2019-01-21 01:41:17', '2019-01-21 01:41:17'),
(7, 18, 'Justine Murphy', 'Et optio quo beatae nobis. Consectetur cumque necessitatibus tempora nulla doloribus. Vitae corporis veritatis vero est sit.', 0, '2019-01-21 01:41:17', '2019-01-21 01:41:17'),
(8, 48, 'Dr. Lowell Franecki II', 'Voluptatem eius tempora dicta non. Necessitatibus velit ut laboriosam laboriosam. Aut distinctio aut soluta est et.', 0, '2019-01-21 01:41:17', '2019-01-21 01:41:17'),
(9, 42, 'Sam Emmerich', 'Maiores ad molestiae id qui officiis. Vel sequi voluptatem aut commodi mollitia sit at. Et eum autem itaque deleniti et. Dolor enim at atque repudiandae.', 2, '2019-01-21 01:41:17', '2019-01-21 01:41:17'),
(10, 4, 'Karli Cassin', 'Eaque odio illo sint qui excepturi molestiae delectus. Doloremque quas deleniti praesentium suscipit quo quidem at. Magnam reiciendis mollitia eius voluptatem aut sit alias quaerat. Qui aut ex ratione.', 3, '2019-01-21 01:41:17', '2019-01-21 01:41:17'),
(11, 42, 'Prof. Ian Feeney DDS', 'Maxime qui distinctio qui doloremque eos soluta sunt. Vitae laudantium adipisci in deserunt voluptatem omnis autem. Consectetur et eum dicta qui. Excepturi aspernatur ut sit possimus velit qui.', 1, '2019-01-21 01:41:17', '2019-01-21 01:41:17'),
(12, 29, 'Miss Guadalupe McClure', 'Debitis repellat tempore non delectus ab sit. Exercitationem doloremque vero perspiciatis dolorem atque. Excepturi incidunt nam ratione minima. Est expedita iste dolorem culpa consequatur repellendus. Et magnam enim quia alias.', 0, '2019-01-21 01:41:17', '2019-01-21 01:41:17'),
(13, 40, 'Mary Goldner', 'Corrupti sint aperiam et eos velit perferendis nobis velit. Necessitatibus pariatur sequi accusantium est quaerat. Illo consequatur veritatis maxime ut. Cumque consequatur rerum quidem distinctio.', 5, '2019-01-21 01:41:17', '2019-01-21 01:41:17'),
(14, 9, 'Winifred Ankunding', 'Eligendi itaque incidunt quod saepe. Quos quia recusandae eveniet est sed est sit illo. Minima sint odio qui quia dolorum voluptas. Sunt fugiat consequatur asperiores.', 0, '2019-01-21 01:41:17', '2019-01-21 01:41:17'),
(15, 10, 'Ms. Nova Prosacco', 'Natus sed iste ut delectus. Ipsa quae fugit aliquam ea. Voluptas voluptas officia quod omnis deserunt ad saepe.', 4, '2019-01-21 01:41:17', '2019-01-21 01:41:17'),
(16, 6, 'Elinore Volkman', 'Quis aperiam modi omnis qui aperiam excepturi nostrum. Commodi omnis recusandae ducimus id sit consequatur. Id quis quia voluptate dolorem. Ut ex sed ullam ratione culpa.', 0, '2019-01-21 01:41:17', '2019-01-21 01:41:17'),
(17, 38, 'Allan Strosin MD', 'Consequatur temporibus cumque odit. Ut maiores aliquam in veritatis. Veritatis distinctio explicabo ipsa optio neque. Dolorem sunt voluptatibus quia qui eos at mollitia ut.', 1, '2019-01-21 01:41:17', '2019-01-21 01:41:17'),
(18, 15, 'Erica Botsford', 'Architecto est in et. Consequatur blanditiis nemo iste sint. Et at quia aut distinctio qui delectus dolorem. Id et tenetur voluptatem soluta.', 1, '2019-01-21 01:41:17', '2019-01-21 01:41:17'),
(19, 35, 'Dr. Ayana Torp', 'Autem qui sunt et corrupti quisquam expedita. Incidunt deleniti fugit consectetur. Nulla repellat iure cumque atque itaque autem.', 3, '2019-01-21 01:41:18', '2019-01-21 01:41:18'),
(20, 11, 'Dr. Jacques Leannon Sr.', 'Maxime laborum quia autem consectetur iste. Velit praesentium earum ipsam. Delectus inventore soluta sapiente deserunt nihil incidunt quia architecto.', 3, '2019-01-21 01:41:18', '2019-01-21 01:41:18'),
(21, 44, 'Jane Fritsch', 'Magni placeat optio doloremque. Consectetur et non impedit quae assumenda et blanditiis. Facere nihil adipisci aut.', 0, '2019-01-21 01:41:18', '2019-01-21 01:41:18'),
(22, 10, 'Era Hayes', 'Suscipit deleniti eum animi. Maiores voluptatem voluptas quibusdam optio vel qui molestias fuga. Est ullam vitae provident deleniti. Nisi voluptas enim minima assumenda est veritatis.', 3, '2019-01-21 01:41:18', '2019-01-21 01:41:18'),
(23, 39, 'Charles Sipes', 'Eaque recusandae dolorum facilis assumenda et. Ipsa aut cum explicabo doloremque. Dolores sed iure saepe praesentium.', 5, '2019-01-21 01:41:18', '2019-01-21 01:41:18'),
(24, 3, 'Aisha Daniel', 'Aliquam reprehenderit consequuntur voluptatem rem. Ex hic deserunt autem adipisci at est hic.', 2, '2019-01-21 01:41:18', '2019-01-21 01:41:18'),
(25, 3, 'Noel Weimann', 'Dolores pariatur aut non dolore magnam qui. Laudantium quisquam aspernatur amet suscipit ut nobis. Non unde quia qui dicta totam temporibus.', 4, '2019-01-21 01:41:18', '2019-01-21 01:41:18'),
(26, 34, 'Prof. Jaylen Stiedemann', 'Commodi provident ea ea ut ut. Temporibus similique nobis eos quidem libero iste sequi. Qui nisi pariatur consectetur perspiciatis dolore.', 5, '2019-01-21 01:41:18', '2019-01-21 01:41:18'),
(27, 35, 'Bethel Flatley', 'Commodi minima qui at in non minus amet non. Numquam praesentium et perferendis provident officiis et distinctio. Dolorem eum repudiandae soluta voluptas.', 2, '2019-01-21 01:41:18', '2019-01-21 01:41:18'),
(28, 9, 'Larue Crooks', 'Eum eum placeat eos. Deleniti et earum atque rerum accusamus autem. Tempora accusamus sed earum dolores est eum cumque. Facere aliquid perferendis incidunt nulla sit voluptatem qui nemo.', 4, '2019-01-21 01:41:18', '2019-01-21 01:41:18'),
(29, 19, 'William Rogahn', 'Laborum fugiat cum doloribus id nihil. Excepturi ex excepturi rerum voluptatem quia soluta nemo sit. Dolor commodi eos repellendus fugit odit est sunt. Harum placeat molestias quos itaque at voluptates.', 2, '2019-01-21 01:41:18', '2019-01-21 01:41:18'),
(30, 2, 'Blake Rutherford', 'Adipisci maxime soluta deserunt dolorum minus. Iure quisquam iure occaecati quod aut necessitatibus provident. Ipsum sunt ratione sed ut magni laudantium.', 4, '2019-01-21 01:41:18', '2019-01-21 01:41:18'),
(31, 35, 'Alice Schimmel', 'Consequuntur quaerat dolor illum nulla asperiores cupiditate. Aperiam quas ut excepturi soluta in ab. Voluptatem et asperiores tempora nostrum cum vel.', 5, '2019-01-21 01:41:18', '2019-01-21 01:41:18'),
(32, 41, 'Johathan Casper', 'Adipisci ut quos necessitatibus atque. Itaque voluptatem atque in est illum ipsam. Odio aut quis ratione dolorem occaecati id. Culpa quis vel maiores dicta.', 4, '2019-01-21 01:41:18', '2019-01-21 01:41:18'),
(33, 42, 'Aletha Grimes', 'Provident et suscipit rerum aut dolor nihil sapiente. Dolor sint quia velit deleniti culpa. Incidunt quaerat sequi alias molestias sapiente molestiae. Iusto ut rerum veniam et odio et omnis.', 3, '2019-01-21 01:41:18', '2019-01-21 01:41:18'),
(34, 39, 'Cary Emard DDS', 'Reprehenderit provident et dignissimos dicta doloremque quae quia exercitationem. Hic minus quis qui. Totam debitis voluptas commodi aut.', 3, '2019-01-21 01:41:18', '2019-01-21 01:41:18'),
(35, 4, 'Mrs. Velda Rath', 'Tenetur placeat incidunt non inventore repellendus enim et. Consectetur nostrum rerum ut magni officia ratione eligendi. Alias cupiditate amet voluptas quia vitae similique.', 3, '2019-01-21 01:41:19', '2019-01-21 01:41:19'),
(36, 47, 'Ruby Stracke II', 'Rem ad quo sed. Recusandae ut provident tenetur. Debitis delectus cupiditate temporibus dolorem. Quia aliquam qui voluptatem.', 5, '2019-01-21 01:41:19', '2019-01-21 01:41:19'),
(37, 23, 'Nickolas Orn MD', 'Optio harum aut cumque nobis voluptatem. Delectus ut laborum totam vero illo aspernatur alias. Velit omnis voluptate voluptates eveniet et. Sed et esse sed qui reiciendis sit.', 4, '2019-01-21 01:41:19', '2019-01-21 01:41:19'),
(38, 20, 'Dallas Harvey', 'Est sit ut necessitatibus eum aliquam. Fuga modi ea voluptas atque quia. Doloribus omnis sit soluta eligendi delectus. Provident eum autem consequatur accusamus ullam. Voluptas tempore et vitae.', 3, '2019-01-21 01:41:19', '2019-01-21 01:41:19'),
(39, 42, 'Dr. Stephan Keebler DDS', 'Consectetur sed inventore ad quos temporibus ut. Consequuntur quis et rerum perferendis et cum et consequatur. Necessitatibus porro suscipit ad deserunt accusantium. Facilis optio ipsam suscipit velit exercitationem.', 2, '2019-01-21 01:41:19', '2019-01-21 01:41:19'),
(40, 31, 'Leonie Kuhlman V', 'Qui cumque dolorem impedit tenetur ipsa voluptas dolorem. Qui hic omnis quasi expedita iure impedit quo. Alias rem deleniti nisi temporibus.', 2, '2019-01-21 01:41:19', '2019-01-21 01:41:19'),
(41, 6, 'Marielle Osinski', 'Maxime totam ut veniam. Qui reprehenderit a ut accusamus voluptatum. Sit sed est debitis consequatur.', 1, '2019-01-21 01:41:19', '2019-01-21 01:41:19'),
(42, 49, 'Gussie Hammes', 'Error corrupti occaecati dolores quo corrupti doloribus neque cum. Placeat explicabo et et nihil. Vel aliquid eveniet est omnis dolores. Eum maiores excepturi similique laborum repellat accusamus quasi dolores.', 5, '2019-01-21 01:41:19', '2019-01-21 01:41:19'),
(43, 10, 'Prof. Cletus Connelly', 'Ut quam accusantium nulla iusto ducimus non non. Pariatur incidunt possimus dolorem. Qui reiciendis consectetur nostrum excepturi similique consectetur enim.', 5, '2019-01-21 01:41:19', '2019-01-21 01:41:19'),
(44, 1, 'Destany Ferry', 'Minus ea ducimus temporibus ut blanditiis error. Quod corporis eligendi eaque praesentium fugiat. Provident et dolores in et et voluptatum ut a.', 3, '2019-01-21 01:41:19', '2019-01-21 01:41:19'),
(45, 39, 'Matteo Johns', 'Voluptatem odit et esse ut natus minima. Saepe occaecati sint tenetur corrupti quam accusamus quo. Doloremque labore et voluptates ut voluptates et animi iste.', 0, '2019-01-21 01:41:19', '2019-01-21 01:41:19'),
(46, 23, 'Ms. Kallie Hahn', 'Et repellendus omnis ipsa. Voluptas ipsam occaecati minima a. Velit velit dolorem illo eum veritatis sit. Saepe molestias vitae tenetur quasi non.', 5, '2019-01-21 01:41:19', '2019-01-21 01:41:19'),
(47, 27, 'Onie Olson', 'Temporibus et qui sit animi ab et. Aut dolore enim consectetur minima. Laboriosam reprehenderit magni nulla consequatur deserunt ut. Numquam a officiis similique accusamus aliquam quae.', 4, '2019-01-21 01:41:19', '2019-01-21 01:41:19'),
(48, 23, 'Andres Balistreri', 'Est alias qui vel quidem error culpa tempore. Aliquid tempora architecto non quia at numquam veniam id. Sed illo vitae quasi illo consequatur iure et. Impedit id debitis nam reiciendis rerum.', 0, '2019-01-21 01:41:19', '2019-01-21 01:41:19'),
(49, 41, 'Prof. Archibald Gleason', 'Non rerum reiciendis voluptatem sit nihil in voluptas. Doloribus ratione est cumque. Facilis fugiat architecto et error quia. Qui accusamus consequatur magnam at. Est nostrum aperiam totam modi dolorem eaque.', 1, '2019-01-21 01:41:19', '2019-01-21 01:41:19'),
(50, 32, 'Prof. Alan Armstrong', 'Et omnis sapiente illo deleniti. Dolores mollitia est ratione tenetur excepturi quis. Ipsum ipsum beatae dolor soluta eos sed voluptatem quod.', 0, '2019-01-21 01:41:19', '2019-01-21 01:41:19'),
(51, 37, 'Sadye Reilly II', 'Sunt exercitationem esse asperiores dolor quaerat vitae voluptatem. Earum ut libero rem blanditiis atque dolorum atque. Saepe porro pariatur sunt hic. Qui voluptates dolorum ad pariatur cupiditate.', 3, '2019-01-21 01:41:19', '2019-01-21 01:41:19'),
(52, 1, 'Einar Koepp V', 'Consequatur officia consequatur voluptatem hic. Officia ab eum voluptatum. Deserunt quis ducimus tempora praesentium rerum nihil et consequatur. Illum facilis doloremque est dolorem.', 3, '2019-01-21 01:41:19', '2019-01-21 01:41:19'),
(53, 30, 'Dr. Leopoldo Sipes MD', 'Asperiores sint impedit veritatis voluptatem aliquid alias. Exercitationem cupiditate maxime eum perspiciatis ab commodi. Animi vero consequatur ex aut placeat. Omnis rerum ad iste velit nihil.', 0, '2019-01-21 01:41:19', '2019-01-21 01:41:19'),
(54, 42, 'John Brown Jr.', 'Recusandae velit qui qui rem eos. Vero voluptatem voluptas odio quidem corporis ratione voluptatibus. Molestias et impedit ipsa recusandae nemo ut. Culpa eos similique voluptatem vero hic.', 4, '2019-01-21 01:41:19', '2019-01-21 01:41:19'),
(55, 44, 'Breanna Rogahn', 'Architecto porro tenetur quia neque. Ut voluptatem sit consectetur alias commodi. Et distinctio quis accusantium minus.', 3, '2019-01-21 01:41:20', '2019-01-21 01:41:20'),
(56, 4, 'Mariah Rohan Jr.', 'Temporibus repudiandae rerum quis qui ea at. Alias porro necessitatibus aut. Et laborum blanditiis qui voluptatum aperiam voluptatem. At ad aut repellendus dolorum ut eaque.', 1, '2019-01-21 01:41:20', '2019-01-21 01:41:20'),
(57, 10, 'Alyce Conn', 'Quia ea labore pariatur officia consequatur sint sit qui. Ullam animi corporis assumenda maxime. Fugit dolorum omnis perferendis vero nam possimus enim. Nam veritatis error doloremque. Veniam ea consequatur in omnis sit et iure.', 1, '2019-01-21 01:41:20', '2019-01-21 01:41:20'),
(58, 14, 'Giovanni Bechtelar', 'Corporis in dolorem aut ipsum ipsam nemo quia blanditiis. Illum et est natus rem. Omnis id excepturi et cumque.', 3, '2019-01-21 01:41:20', '2019-01-21 01:41:20'),
(59, 38, 'Oliver Wunsch', 'Praesentium quia quia odio voluptatem voluptas eius. Sapiente nemo dolor voluptates dicta dolorem quo. Reiciendis illum et dolor magnam et. Expedita sequi accusantium saepe consequuntur quia consectetur exercitationem.', 2, '2019-01-21 01:41:20', '2019-01-21 01:41:20'),
(60, 4, 'Ms. Viviane Lemke I', 'Magni libero iusto voluptatem quae qui. Id in inventore ullam earum totam doloribus. Quibusdam qui autem blanditiis labore voluptatem ut fugiat.', 5, '2019-01-21 01:41:20', '2019-01-21 01:41:20'),
(61, 7, 'Maximillia Padberg II', 'Dolores aliquam nemo non velit nihil modi explicabo. Aut eos magni enim. Possimus aut consequatur odio id voluptas ut labore.', 5, '2019-01-21 01:41:20', '2019-01-21 01:41:20'),
(62, 34, 'Miss Sydnee D\'Amore', 'Maiores quisquam dolores aut consequatur error repellendus praesentium. Dolorem quia sed in rerum in doloribus. Vel qui non suscipit odio consequatur dolore.', 5, '2019-01-21 01:41:20', '2019-01-21 01:41:20'),
(63, 2, 'Jerrod Ortiz', 'Voluptatem sit quo sed nulla rem voluptates minima. Ea sed laborum aut.', 1, '2019-01-21 01:41:20', '2019-01-21 01:41:20'),
(64, 42, 'Gay Dickens MD', 'Voluptatem et aut alias id dolores eos. Maiores excepturi ut molestias architecto delectus nulla cupiditate. Eius illo dolorum voluptas fugit expedita veniam. Aut dignissimos animi et vel inventore error perferendis. Vero minima voluptatum optio praesentium velit cupiditate.', 0, '2019-01-21 01:41:20', '2019-01-21 01:41:20'),
(65, 22, 'Rogelio Skiles MD', 'Odit et velit quibusdam ipsa in qui voluptatem. Tempore et possimus adipisci consequuntur omnis ut ut. Sunt voluptatibus rerum porro omnis et quasi provident ipsam. Quis voluptatem labore provident id mollitia in.', 5, '2019-01-21 01:41:20', '2019-01-21 01:41:20'),
(66, 12, 'Mr. Johnson Medhurst Jr.', 'Eos adipisci placeat excepturi animi et voluptas velit. Dolorem ut minima culpa rerum et quas tempora. Id dolor et beatae magni id voluptates. Ab eaque enim maiores architecto dolore.', 3, '2019-01-21 01:41:20', '2019-01-21 01:41:20'),
(67, 37, 'Israel Flatley', 'Quidem enim asperiores fuga ex tenetur quos et magni. Iste quod doloremque quia omnis voluptatum. Ut sed et et adipisci. Odit qui fuga a nulla quia.', 4, '2019-01-21 01:41:20', '2019-01-21 01:41:20'),
(68, 26, 'Enoch Goodwin', 'Molestias amet ut iusto placeat. Quas in sapiente quae possimus saepe. Ducimus accusantium labore odit nesciunt qui reiciendis libero quia. Minima vel rem vero voluptate.', 1, '2019-01-21 01:41:20', '2019-01-21 01:41:20'),
(69, 39, 'Miss Jailyn Kshlerin IV', 'Eum iure aut minus quia molestias omnis. Porro est assumenda ea ut officiis est.', 2, '2019-01-21 01:41:20', '2019-01-21 01:41:20'),
(70, 26, 'Bruce Herman', 'Qui porro vitae excepturi. Cumque repellendus rerum sint repudiandae. Et qui quisquam occaecati repellat et.', 5, '2019-01-21 01:41:20', '2019-01-21 01:41:20'),
(71, 5, 'Ebony Schimmel', 'Est omnis libero alias quis provident amet commodi voluptate. Asperiores laboriosam consectetur voluptas laboriosam nobis distinctio expedita. Magnam reiciendis est at pariatur error et similique consequatur. Est voluptas minus et quidem laboriosam ut quaerat.', 2, '2019-01-21 01:41:20', '2019-01-21 01:41:20'),
(72, 27, 'Eric Fahey DVM', 'Ut dolore qui perspiciatis harum alias consequatur. Quo ad at ut maxime nobis. Quod ut exercitationem cumque consequatur atque et.', 4, '2019-01-21 01:41:20', '2019-01-21 01:41:20'),
(73, 41, 'German Dickinson III', 'Velit autem magni dignissimos voluptate. Harum commodi officiis in sunt est distinctio esse. Facere porro assumenda aut consequatur. Molestiae veniam et repellendus nam quia non.', 4, '2019-01-21 01:41:20', '2019-01-21 01:41:20'),
(74, 17, 'Judge Stanton', 'Ut et ea sit et qui earum. Doloribus magni ipsam quis pariatur. Molestias ratione libero officiis dolores veniam mollitia magnam.', 1, '2019-01-21 01:41:21', '2019-01-21 01:41:21'),
(75, 27, 'Camille Schumm', 'Inventore rerum ut neque quia necessitatibus. Et aliquam qui esse. Doloribus nulla facere alias eos magni veritatis.', 5, '2019-01-21 01:41:21', '2019-01-21 01:41:21'),
(76, 39, 'Dr. Christian Bogan DDS', 'Rem distinctio non ut optio labore nobis. Est ab rem et odit officia iure incidunt.', 0, '2019-01-21 01:41:21', '2019-01-21 01:41:21'),
(77, 43, 'Skylar Macejkovic', 'Enim sit sed est accusamus similique. Et praesentium voluptatum perferendis eum. Delectus tenetur veniam voluptatum ad dicta sed. Aut exercitationem quia ea aut animi ut excepturi fugiat.', 4, '2019-01-21 01:41:21', '2019-01-21 01:41:21'),
(78, 32, 'Pierre Nitzsche DDS', 'Qui sit aut aut amet totam inventore quidem tenetur. Est voluptatem cumque hic quidem. Provident quod aut corrupti et aperiam. Dolor enim iure possimus.', 4, '2019-01-21 01:41:21', '2019-01-21 01:41:21'),
(79, 37, 'Prof. Susan Green', 'Et labore eius et exercitationem repellat hic. Rerum nihil exercitationem eum temporibus assumenda similique praesentium. Doloremque at alias est. Dolorem et laboriosam qui officiis.', 5, '2019-01-21 01:41:21', '2019-01-21 01:41:21'),
(80, 36, 'Mr. Arnoldo Cremin Jr.', 'Deleniti non eligendi quam repellendus eum est ut. Vel dolorem voluptatem at. Voluptatem perferendis quasi rerum qui. Dolore fugit quasi dolor consequuntur officiis officiis.', 0, '2019-01-21 01:41:21', '2019-01-21 01:41:21'),
(81, 8, 'Prof. Easton Pacocha', 'Excepturi voluptatibus facere nam nihil aspernatur quia. Eos ipsum quibusdam autem quis ex voluptates est assumenda. Est ducimus minima alias amet nostrum dolorem sint. Unde autem et nostrum excepturi repellat.', 4, '2019-01-21 01:41:21', '2019-01-21 01:41:21'),
(82, 47, 'Prof. Earnest Hettinger Sr.', 'Numquam laboriosam et beatae perferendis est asperiores. Est quisquam ducimus maxime recusandae natus rem quia. Veritatis reprehenderit suscipit necessitatibus eum laborum et. Quae dolor doloribus tenetur sapiente.', 0, '2019-01-21 01:41:21', '2019-01-21 01:41:21'),
(83, 47, 'Laurence Daugherty', 'Sit est amet velit aperiam iure dicta quaerat. Fugit quos iure consequatur eveniet ipsum. Incidunt quod iste et quae. Deleniti dolorem velit voluptatum rerum ut.', 5, '2019-01-21 01:41:21', '2019-01-21 01:41:21'),
(84, 42, 'Isaias Kris', 'Pariatur illo laudantium voluptatibus omnis non. Quisquam corporis molestias vel. Esse ea unde adipisci. Inventore asperiores aut mollitia deleniti.', 1, '2019-01-21 01:41:21', '2019-01-21 01:41:21'),
(85, 2, 'Camylle Shanahan DDS', 'Itaque aut omnis et. Modi vitae vitae voluptatem consectetur a debitis.', 4, '2019-01-21 01:41:21', '2019-01-21 01:41:21'),
(86, 1, 'Prof. Mohammad Veum DVM', 'Deleniti quas porro eum non et quis quis. Non blanditiis ea iusto sequi. Voluptatibus accusamus reprehenderit recusandae. At ad aut animi et quos. Nihil delectus ea enim a.', 1, '2019-01-21 01:41:21', '2019-01-21 01:41:21'),
(87, 34, 'Garth Botsford', 'Neque ut tempore velit et. Voluptates ut cumque facilis non. Eveniet voluptatum aut quam et voluptatem.', 4, '2019-01-21 01:41:21', '2019-01-21 01:41:21'),
(88, 17, 'Bruce Abernathy', 'Provident voluptatem maiores sed et modi. Quos quasi ea sunt. Id sed et occaecati illum.', 4, '2019-01-21 01:41:21', '2019-01-21 01:41:21'),
(89, 44, 'Ms. Araceli Eichmann', 'Eos voluptatem fugiat ea tempora explicabo facilis. Error placeat ut amet architecto. Et maxime architecto dicta ut totam veritatis sed.', 4, '2019-01-21 01:41:21', '2019-01-21 01:41:21'),
(90, 36, 'Daisha Ryan', 'Ut debitis architecto veniam. Perferendis quaerat a explicabo. Aut tenetur accusamus at molestiae reiciendis repudiandae quia. In maxime fugit laborum sapiente laborum illo et est.', 4, '2019-01-21 01:41:21', '2019-01-21 01:41:21'),
(91, 36, 'Creola Anderson', 'Vero veritatis et nulla ea quo. Fugiat beatae tempora necessitatibus voluptas rerum quidem mollitia. Ab ea qui est aut et molestiae sed.', 0, '2019-01-21 01:41:21', '2019-01-21 01:41:21'),
(92, 49, 'Lonnie Morissette', 'Qui sit nobis eos et ducimus. Et possimus corporis corrupti ipsam. Reprehenderit perspiciatis aut est enim. Necessitatibus rerum voluptatem quia impedit veniam quo amet.', 5, '2019-01-21 01:41:21', '2019-01-21 01:41:21'),
(93, 28, 'Laisha Jast', 'Molestiae soluta voluptas inventore autem optio deserunt esse. Velit et laudantium corporis exercitationem. Reprehenderit aut et consectetur labore sequi illo possimus debitis.', 5, '2019-01-21 01:41:21', '2019-01-21 01:41:21'),
(94, 26, 'Dr. Miller Feeney DDS', 'Expedita est distinctio temporibus rerum. Autem id nisi repudiandae ut. Quae hic et occaecati libero.', 2, '2019-01-21 01:41:21', '2019-01-21 01:41:21'),
(95, 30, 'Lenny Hoppe', 'Nam dolore deserunt repellat. Earum velit fugit in temporibus ab. Repudiandae ut dicta dolores et ea ratione. Facere doloremque veniam earum commodi pariatur eligendi.', 4, '2019-01-21 01:41:21', '2019-01-21 01:41:21'),
(96, 15, 'Lura Heidenreich', 'Saepe ipsa harum repudiandae necessitatibus. Amet hic illum magni amet nisi. Mollitia commodi sed veritatis animi. Sunt quasi ut sequi asperiores quasi sequi hic.', 3, '2019-01-21 01:41:22', '2019-01-21 01:41:22'),
(97, 4, 'Javon Stark', 'Expedita enim numquam vero iusto consequatur saepe. Rerum officia dolores quis beatae sunt. Doloremque consequuntur nemo occaecati iure nesciunt deleniti.', 1, '2019-01-21 01:41:22', '2019-01-21 01:41:22'),
(98, 41, 'Juana Kreiger', 'Aut asperiores ipsam in impedit voluptatum rerum cumque. Nemo veniam temporibus laboriosam laborum earum fuga soluta.', 4, '2019-01-21 01:41:22', '2019-01-21 01:41:22'),
(99, 30, 'Dr. Naomi Bartoletti', 'Voluptatibus quia dolores et quo. Cumque non optio harum veniam. Velit eius rerum dignissimos libero.', 5, '2019-01-21 01:41:22', '2019-01-21 01:41:22'),
(100, 15, 'Stephen O\'Conner', 'Voluptatem voluptatem ipsum nostrum voluptas tenetur omnis aliquam. Culpa animi sed iusto dolorem. Et perspiciatis et sunt molestias cumque sit blanditiis. Rerum velit ut architecto sint.', 0, '2019-01-21 01:41:22', '2019-01-21 01:41:22'),
(101, 15, 'Miss Daniela Predovic', 'Dolores quibusdam hic consectetur sapiente harum voluptatem sint. Facere et voluptas quisquam est. Modi illum nulla expedita cupiditate delectus corrupti inventore. Autem voluptate fuga cumque dicta recusandae et eum. Amet cum alias nisi laboriosam.', 1, '2019-01-21 01:41:22', '2019-01-21 01:41:22'),
(102, 30, 'Prof. Glennie Armstrong V', 'Ut odit sapiente consequatur magnam dolorem et amet incidunt. Exercitationem expedita occaecati minima nihil aperiam placeat. Dolorum nisi aut asperiores cum qui. Atque atque sunt ipsa fugit est. Impedit rem et accusantium quis nostrum quis.', 1, '2019-01-21 01:41:22', '2019-01-21 01:41:22'),
(103, 36, 'Donavon Senger IV', 'Deleniti temporibus aspernatur ab est accusantium. Quas aperiam et animi ducimus et minima. Est et et iste veniam voluptatem sit consequatur. Voluptatem vel consectetur impedit dolor cumque dolor.', 0, '2019-01-21 01:41:22', '2019-01-21 01:41:22'),
(104, 47, 'Kelley Spinka', 'Delectus quae tempora ducimus earum voluptatem molestiae. Nulla nihil aut excepturi illum pariatur. Impedit et qui debitis doloremque non placeat magnam. Eius et doloremque id a mollitia.', 0, '2019-01-21 01:41:22', '2019-01-21 01:41:22'),
(105, 36, 'Miss Tina Terry I', 'Nihil est debitis quidem suscipit. Sunt ab architecto veniam rerum odio quasi voluptates. Dicta animi quo qui pariatur quia dolorem aut.', 5, '2019-01-21 01:41:22', '2019-01-21 01:41:22'),
(106, 18, 'Jamil Feeney', 'Odio qui unde quia aut et iste exercitationem. Voluptas aut recusandae temporibus sed. Est quas amet nobis libero atque maiores cumque.', 3, '2019-01-21 01:41:22', '2019-01-21 01:41:22'),
(107, 21, 'Cyril Stiedemann', 'Quod molestias quia magnam architecto veniam. Distinctio sit labore ut nam velit natus sunt culpa. Nam aut ab quas aut voluptatem est consequatur. Repellat quibusdam impedit ut inventore perspiciatis et.', 3, '2019-01-21 01:41:22', '2019-01-21 01:41:22'),
(108, 46, 'Miss Patricia Klein DDS', 'In ullam voluptas voluptatem aut minus. In quae sed provident debitis dolorem assumenda. Esse at unde cupiditate necessitatibus aut optio reprehenderit.', 0, '2019-01-21 01:41:22', '2019-01-21 01:41:22'),
(109, 5, 'Celia Emmerich', 'Aspernatur magnam quibusdam quia similique aut. Autem voluptas nihil incidunt similique cupiditate. Molestiae aliquam vel aut quo qui. Cum ut sint molestiae dolor nihil aut.', 0, '2019-01-21 01:41:22', '2019-01-21 01:41:22'),
(110, 43, 'Ms. Lauriane Koelpin I', 'Tempora soluta quasi non sed at blanditiis. Quia temporibus dicta magni sed dolor aliquid. Quam quas error voluptatem.', 0, '2019-01-21 01:41:22', '2019-01-21 01:41:22'),
(111, 24, 'Dr. Anne Waelchi', 'Possimus architecto accusantium excepturi molestiae repellat aliquid dolorem. Quidem veritatis inventore veniam similique ut voluptatum. Velit voluptas eum recusandae exercitationem aut. Quam quia debitis neque pariatur nesciunt voluptatem qui consequatur.', 3, '2019-01-21 01:41:22', '2019-01-21 01:41:22'),
(112, 16, 'Prof. Hardy Gerhold MD', 'Omnis qui neque quo ipsam in reiciendis. Porro quaerat quam quisquam voluptatem consequatur dolor voluptas. Nisi et minima quia quia recusandae.', 4, '2019-01-21 01:41:22', '2019-01-21 01:41:22'),
(113, 48, 'Ms. Ardith Dicki Jr.', 'Asperiores aperiam commodi aut id. Sit ipsa nulla neque est.', 3, '2019-01-21 01:41:22', '2019-01-21 01:41:22'),
(114, 6, 'Betty Beer', 'Enim aliquid possimus sint dicta. Non in repellat in sunt rerum possimus. Vitae quis ea doloribus repellat sit soluta quos.', 1, '2019-01-21 01:41:22', '2019-01-21 01:41:22'),
(115, 3, 'Margret Koepp', 'Qui rerum expedita labore officiis officiis perferendis omnis occaecati. Blanditiis velit unde odio quas eum. Tempore magni ut aut.', 3, '2019-01-21 01:41:22', '2019-01-21 01:41:22'),
(116, 22, 'Mattie Howell', 'Aut sunt explicabo voluptas harum. Enim mollitia laboriosam pariatur assumenda laudantium aliquid. Voluptas dolorem ut quam similique illo magni.', 4, '2019-01-21 01:41:22', '2019-01-21 01:41:22'),
(117, 30, 'Mrs. Creola Gottlieb', 'Rerum ea optio ex debitis vel blanditiis. Provident voluptas et voluptatem quam ea alias. Nam omnis aut cumque molestias. Nostrum nulla veniam veniam.', 3, '2019-01-21 01:41:23', '2019-01-21 01:41:23'),
(118, 14, 'Miss Melody Bednar DDS', 'Neque explicabo illum temporibus molestiae aut aliquid laudantium eos. Necessitatibus quidem eum ipsa blanditiis a. Consequatur et sapiente deleniti modi maiores pariatur ipsum.', 2, '2019-01-21 01:41:23', '2019-01-21 01:41:23'),
(119, 3, 'Yvette Rippin', 'Rerum fuga quaerat harum tempora. Nesciunt vitae reiciendis ut accusamus enim et ullam necessitatibus. Rerum maiores quasi consectetur et amet sit dignissimos in. Repudiandae laborum qui natus reprehenderit dicta dolores.', 1, '2019-01-21 01:41:23', '2019-01-21 01:41:23'),
(120, 5, 'Dr. Dwight Bogisich', 'Consequuntur reiciendis qui consequatur. Ad nihil provident dolorem quas eaque. Saepe omnis omnis placeat qui vel repellat consectetur. Nihil enim eum animi.', 0, '2019-01-21 01:41:23', '2019-01-21 01:41:23'),
(121, 14, 'Prof. Eddie Schiller', 'Est ut dolorem eius. Atque provident consequatur eum architecto enim possimus nostrum. Quis doloremque sunt ut voluptatem. Qui laborum eaque quia veniam quos vero molestiae. Qui voluptatum qui maxime eligendi sed quae sint velit.', 2, '2019-01-21 01:41:23', '2019-01-21 01:41:23'),
(122, 8, 'Keegan Bergstrom', 'Velit alias tenetur rerum labore quod incidunt. Consectetur nisi excepturi corrupti aut et nam mollitia. Ea et numquam natus ea.', 0, '2019-01-21 01:41:23', '2019-01-21 01:41:23'),
(123, 34, 'Orville Leuschke IV', 'Vitae qui commodi soluta assumenda voluptatem. Dolorem et saepe harum veniam consectetur nulla quisquam. Dolorem doloribus sit cum.', 0, '2019-01-21 01:41:23', '2019-01-21 01:41:23'),
(124, 15, 'Elton Barton', 'Accusamus sit eius sint tenetur quae. Eaque sed et iste officia nesciunt sapiente. Quaerat qui officiis quos vitae sed nam cum est. Quidem nesciunt corporis molestiae sint enim.', 3, '2019-01-21 01:41:23', '2019-01-21 01:41:23'),
(125, 46, 'Tiffany Stoltenberg', 'Harum et tempore ab excepturi consectetur voluptas. Eos est ipsa velit perspiciatis exercitationem. Nulla fugiat et cum eum vel ea expedita explicabo. At impedit omnis aut consectetur incidunt.', 0, '2019-01-21 01:41:23', '2019-01-21 01:41:23'),
(126, 37, 'Antonia Cruickshank', 'Inventore est exercitationem animi assumenda. Atque quod quam illum. Ut reiciendis ipsum aut consequatur eos.', 4, '2019-01-21 01:41:23', '2019-01-21 01:41:23'),
(127, 5, 'Dr. Ignatius Hammes', 'Error ea qui ipsam earum aut. Rem eius delectus adipisci doloremque rerum eum. Recusandae unde error eligendi omnis dolorem non dolorem. Magni ipsum quo quis recusandae praesentium voluptatem velit minus.', 4, '2019-01-21 01:41:23', '2019-01-21 01:41:23'),
(128, 20, 'Agustina Effertz', 'Soluta sapiente animi nesciunt blanditiis odio. Omnis eum nisi impedit occaecati sit dignissimos aperiam. Dolores ut ut maiores fugit. Aut necessitatibus nemo molestiae quis occaecati.', 5, '2019-01-21 01:41:23', '2019-01-21 01:41:23'),
(129, 50, 'Tyrel Treutel', 'Et et rem perspiciatis molestiae asperiores. Ut sed dolorem corrupti quis consequatur qui nostrum. Qui quo voluptatum nostrum molestiae voluptatem alias in. Veritatis cumque qui dicta ex non voluptas ratione.', 1, '2019-01-21 01:41:23', '2019-01-21 01:41:23'),
(130, 44, 'Cleora Dach', 'Vel et aliquam sint ullam aut minus. Adipisci laudantium ipsam et recusandae officia. Culpa iste qui blanditiis.', 5, '2019-01-21 01:41:23', '2019-01-21 01:41:23'),
(131, 10, 'Ms. Aaliyah Huels I', 'Tenetur eveniet qui dolorum quia quos qui sed. Esse placeat sint neque est. Minima ex accusamus animi et qui quod eaque quia. Fugiat in provident quia.', 0, '2019-01-21 01:41:23', '2019-01-21 01:41:23'),
(132, 48, 'Ines Herman', 'Quae rerum illo fugit et debitis. Quisquam ipsa dolorem dolor. Vel cumque aliquid quas fugit quisquam minus numquam. Culpa dolores ut suscipit dolores tempore error. Veniam doloremque in corporis cupiditate.', 1, '2019-01-21 01:41:23', '2019-01-21 01:41:23'),
(133, 34, 'Miss Nyasia Mohr', 'Eum excepturi totam repudiandae quas magnam ad at hic. Nesciunt aut esse minima nihil quaerat dolores itaque.', 0, '2019-01-21 01:41:23', '2019-01-21 01:41:23'),
(134, 45, 'Andy Schaefer DDS', 'Ipsa harum aliquam atque molestiae consectetur est velit. Voluptas deleniti corporis quisquam id explicabo voluptatum qui. A quis id dolores. Id commodi molestias accusamus vel nobis consequatur tempora.', 4, '2019-01-21 01:41:23', '2019-01-21 01:41:23'),
(135, 35, 'Wilhelm Bashirian', 'Earum aliquam qui sequi aut quis eum et maxime. Labore optio facilis quia. Et quis vero ducimus corrupti cupiditate. Velit temporibus aut numquam tempora temporibus autem.', 2, '2019-01-21 01:41:23', '2019-01-21 01:41:23'),
(136, 14, 'Derick Howell Sr.', 'Suscipit ducimus corrupti officia non ipsam ut sint. At quia hic omnis dignissimos magni aliquid. Quis aut harum porro est est sed qui delectus. Accusantium blanditiis magni libero occaecati quidem ut nulla.', 2, '2019-01-21 01:41:23', '2019-01-21 01:41:23'),
(137, 8, 'Brielle Nitzsche', 'Est beatae eos sit eos recusandae quos dignissimos rerum. Et sit alias nisi porro qui. Ea deserunt deleniti consectetur iure sit aut.', 3, '2019-01-21 01:41:23', '2019-01-21 01:41:23'),
(138, 36, 'Otto Hilpert', 'Laboriosam ex et adipisci aut ratione dolorum. Temporibus ipsam et voluptate officia. Ipsam assumenda nulla modi at.', 1, '2019-01-21 01:41:23', '2019-01-21 01:41:23'),
(139, 17, 'Lessie Harvey MD', 'Rerum dicta fuga reprehenderit debitis fugit dolores. Doloribus fugiat possimus doloribus laborum fuga ipsam. Quibusdam ea modi molestiae.', 1, '2019-01-21 01:41:24', '2019-01-21 01:41:24'),
(140, 38, 'Monserrate Kuhn', 'Impedit aperiam ullam minima autem sit molestiae placeat. Ipsam voluptate a est dolor. Dolorem at aut a minus possimus. Cupiditate aliquam et omnis quisquam sequi fugiat rerum.', 3, '2019-01-21 01:41:24', '2019-01-21 01:41:24'),
(141, 11, 'Mr. Mekhi Hettinger', 'Suscipit autem repellendus similique qui sequi qui ut est. Consequuntur cum aut ducimus atque non non sint. Omnis itaque sint vel est. Et similique ipsa ipsam iure cumque cumque.', 3, '2019-01-21 01:41:24', '2019-01-21 01:41:24'),
(142, 46, 'Ebba Wolf', 'Facilis suscipit ducimus quia eveniet. In laborum et repellat et architecto nesciunt repudiandae rerum. Incidunt fugiat et pariatur similique placeat.', 5, '2019-01-21 01:41:24', '2019-01-21 01:41:24'),
(143, 4, 'Mr. Wiley Beer MD', 'Laborum excepturi adipisci a in natus pariatur nobis necessitatibus. Sit sed necessitatibus nulla labore vel aut aut. Quo laudantium amet aut sequi aliquam fugit quis.', 0, '2019-01-21 01:41:24', '2019-01-21 01:41:24'),
(144, 19, 'Kobe Ondricka', 'Et corporis commodi optio voluptatem adipisci eaque. Cupiditate ullam ad non. Aut nisi soluta dolore quaerat et. Aut dolores hic vero atque aliquid necessitatibus ad reiciendis.', 2, '2019-01-21 01:41:24', '2019-01-21 01:41:24'),
(145, 3, 'Prof. Deron Kirlin I', 'Voluptatum et ipsa aut et tempore consectetur. Excepturi ea atque id quod. Magni nemo harum ea possimus aliquam quam quod. Et qui ullam in ut aut.', 5, '2019-01-21 01:41:24', '2019-01-21 01:41:24'),
(146, 32, 'Mellie Paucek DVM', 'Veniam ea suscipit quaerat nesciunt mollitia. Quas et quisquam ut. Officiis quam eum tenetur voluptates quia est maxime ut. Fuga mollitia consequatur rerum qui qui nihil eum. Ratione laboriosam voluptas ea ipsam in est doloribus expedita.', 1, '2019-01-21 01:41:24', '2019-01-21 01:41:24'),
(147, 31, 'Deondre Corwin PhD', 'Et ipsam commodi dolores dolor tempore. Sunt rerum qui suscipit molestias omnis illo culpa quos. Et ea labore nulla non minima officia aut.', 5, '2019-01-21 01:41:24', '2019-01-21 01:41:24'),
(148, 46, 'Evan Veum IV', 'Quam quidem sed accusamus blanditiis. Quae consequatur earum ut quos. Voluptas corporis aliquid tenetur voluptatum.', 2, '2019-01-21 01:41:24', '2019-01-21 01:41:24'),
(149, 9, 'Mr. Micheal Lockman', 'Molestias odit deserunt praesentium consequatur sed ut delectus. Aliquid architecto ipsam dolorem tenetur. Aut maiores dolor maiores quos quia. Cum inventore laudantium consequatur adipisci omnis ut est.', 5, '2019-01-21 01:41:24', '2019-01-21 01:41:24'),
(150, 31, 'Jairo Maggio III', 'Exercitationem et debitis qui velit non dolorum. Earum iste ipsum facilis natus fugiat.', 3, '2019-01-21 01:41:24', '2019-01-21 01:41:24'),
(151, 21, 'Stefan Schneider', 'Non quo ex sit temporibus omnis suscipit nobis eveniet. In dolor pariatur voluptas eos suscipit neque. Labore unde veniam aliquam voluptatem animi nisi repellendus quam.', 2, '2019-01-21 01:41:24', '2019-01-21 01:41:24'),
(152, 1, 'Evangeline Mraz', 'Consequatur animi perspiciatis aut. Enim eos id qui et vel omnis. Nesciunt et ea est consequatur illum quis.', 3, '2019-01-21 01:41:24', '2019-01-21 01:41:24'),
(153, 26, 'Buck Torphy', 'Deleniti illum quae reiciendis sit consectetur. Facere perferendis nisi impedit pariatur nihil ducimus voluptas sit. Quam hic et ea deleniti aliquid. Alias minima omnis molestiae explicabo.', 0, '2019-01-21 01:41:24', '2019-01-21 01:41:24'),
(154, 26, 'Ms. Cecelia Russel Jr.', 'Qui est et cumque dolores occaecati quibusdam nemo dolore. Qui magnam beatae animi ab. Provident rem eum impedit voluptatum neque vel.', 5, '2019-01-21 01:41:24', '2019-01-21 01:41:24'),
(155, 22, 'Mr. Luther Zieme', 'Incidunt in dolores quia blanditiis eveniet possimus praesentium. Iusto praesentium ipsum repellat eius explicabo cumque qui ea. Praesentium ullam ipsam earum maxime et laborum. Atque dolores doloribus voluptatem sed illo perferendis voluptas.', 1, '2019-01-21 01:41:24', '2019-01-21 01:41:24'),
(156, 20, 'Candida Hegmann III', 'Amet fuga et dolores atque. Corporis corrupti qui veritatis non sed. Cumque quis beatae amet cupiditate et culpa tenetur.', 0, '2019-01-21 01:41:24', '2019-01-21 01:41:24'),
(157, 23, 'Bart Boyle', 'Dolor et quae sunt facere quod ut. Quia autem esse voluptas laborum mollitia impedit. Dolores voluptatum dolores asperiores debitis pariatur sint.', 0, '2019-01-21 01:41:24', '2019-01-21 01:41:24'),
(158, 40, 'Jeanie Beatty DVM', 'Quibusdam dolore distinctio rem quia laudantium voluptatem voluptatem. Quia facilis cumque pariatur. Sed maxime eligendi dolorum omnis. Consequatur quibusdam aut laudantium aperiam consequuntur.', 5, '2019-01-21 01:41:24', '2019-01-21 01:41:24'),
(159, 23, 'Lyric Williamson', 'Inventore excepturi labore rerum laboriosam. Sunt sit sequi consequatur voluptas dolorem ab est. Sunt accusantium quisquam et omnis dolore odit. Rem aut nihil in ut omnis quia enim.', 2, '2019-01-21 01:41:24', '2019-01-21 01:41:24'),
(160, 35, 'Mr. Andre Mann I', 'Velit assumenda non modi. Minus non blanditiis non necessitatibus aliquid excepturi velit. Voluptatem eos fugit aliquam nobis. Nostrum sunt ipsum itaque voluptas aut.', 2, '2019-01-21 01:41:25', '2019-01-21 01:41:25'),
(161, 26, 'Brian Gibson', 'Necessitatibus quisquam repellat consequatur. Eligendi sed id dolores vero atque quam dolorem. Quaerat qui rerum eligendi voluptate aut labore. Qui officiis omnis et rem.', 0, '2019-01-21 01:41:25', '2019-01-21 01:41:25'),
(162, 44, 'Dr. Lavonne Okuneva', 'Dignissimos eum facilis sunt omnis qui. Aut et eos molestiae consectetur aut. Deserunt quas tenetur labore maxime sed. Sunt aut quaerat odit eveniet nisi ex. Odio aut et quibusdam voluptas alias.', 3, '2019-01-21 01:41:25', '2019-01-21 01:41:25'),
(163, 49, 'Miss Amber Bauch Jr.', 'Optio molestiae ut quisquam dolore iusto sed. Quis molestias praesentium voluptatem sapiente consequatur minus. Dolorum tempore placeat rem amet reprehenderit.', 1, '2019-01-21 01:41:25', '2019-01-21 01:41:25'),
(164, 12, 'Vella Armstrong', 'Beatae ad at deserunt similique. Ab maiores sed facilis omnis corporis at odit.', 1, '2019-01-21 01:41:25', '2019-01-21 01:41:25'),
(165, 27, 'Miss Amelia Wiza MD', 'Aliquid dolor officiis et illum aliquid sapiente saepe. Qui quod sit odio quod delectus quo dignissimos magni. Perspiciatis ab odio numquam est labore quaerat quis.', 4, '2019-01-21 01:41:25', '2019-01-21 01:41:25'),
(166, 6, 'Rosie Hane', 'Atque et eum ea dolor. Quo vel itaque libero in impedit suscipit quis.', 3, '2019-01-21 01:41:25', '2019-01-21 01:41:25'),
(167, 34, 'Pearlie Heidenreich', 'Omnis sit sit quaerat. Inventore ea nobis minima sequi aut fuga labore. Repellendus et consequatur ducimus natus nobis quasi. Sit minus iure quod amet et.', 1, '2019-01-21 01:41:25', '2019-01-21 01:41:25'),
(168, 28, 'Prof. Ben Roob Jr.', 'Veniam eius officiis et molestiae perspiciatis voluptatum quod. Cupiditate in rerum beatae autem quaerat. Ducimus deserunt deleniti quaerat.', 1, '2019-01-21 01:41:25', '2019-01-21 01:41:25'),
(169, 25, 'Chelsie Lang PhD', 'Dignissimos aut qui magni quibusdam debitis tenetur libero. Sapiente non velit molestias blanditiis. Mollitia voluptate occaecati doloribus eligendi reiciendis error error. Voluptates non optio error deleniti est ad. Aut sunt quos sed quaerat.', 5, '2019-01-21 01:41:25', '2019-01-21 01:41:25'),
(170, 17, 'Prof. Adriel Jast III', 'Qui facere molestiae est ipsum corrupti tempora laboriosam. Ipsum sit vero qui et quod accusamus voluptatibus accusamus. Temporibus nulla facere et quos laboriosam deserunt soluta.', 5, '2019-01-21 01:41:25', '2019-01-21 01:41:25'),
(171, 42, 'Golda Gulgowski', 'Expedita magnam consequuntur sunt quas autem numquam suscipit. Architecto provident voluptatem ea. Commodi dolor architecto nam voluptatibus.', 2, '2019-01-21 01:41:25', '2019-01-21 01:41:25'),
(172, 35, 'Llewellyn Morar', 'Aliquam et facere provident ea fuga nostrum quidem. Atque deleniti et consequuntur ad culpa in. Corrupti amet non quod iste. A saepe enim tenetur explicabo ut laboriosam ut.', 3, '2019-01-21 01:41:25', '2019-01-21 01:41:25'),
(173, 17, 'Joshuah Gibson', 'Nihil reprehenderit dolor sit. Aspernatur iste sunt debitis qui voluptatum odit enim repellat. Repudiandae consectetur incidunt impedit deleniti ducimus qui qui.', 5, '2019-01-21 01:41:25', '2019-01-21 01:41:25'),
(174, 32, 'Jordy Powlowski', 'Enim veniam fugit et id ratione. Hic et libero enim deleniti ipsam dolorem laborum. Aperiam autem illum nobis exercitationem ab pariatur qui et. Minus id saepe accusamus qui et in.', 1, '2019-01-21 01:41:25', '2019-01-21 01:41:25'),
(175, 11, 'Prof. Korbin Treutel V', 'Earum amet aliquam hic fuga eligendi fuga. Illum distinctio harum odio rerum ea quis totam. Perspiciatis aut odio vel eveniet eius.', 5, '2019-01-21 01:41:25', '2019-01-21 01:41:25'),
(176, 23, 'Victoria Carroll', 'Ea ratione rem maiores expedita. Impedit omnis tempore suscipit eos quae velit sed. Qui facere explicabo suscipit.', 1, '2019-01-21 01:41:25', '2019-01-21 01:41:25'),
(177, 17, 'Elnora Dickinson', 'Dolor ea maiores molestiae cum eligendi ut aut. Qui beatae delectus a quia sed id. Et sed ea voluptatibus quidem.', 1, '2019-01-21 01:41:25', '2019-01-21 01:41:25'),
(178, 25, 'Emely Corwin', 'Aut reprehenderit sed qui quisquam reiciendis. Libero quo possimus quia animi sint sunt laudantium. Dolorem voluptas recusandae ut laborum quo sed iusto.', 4, '2019-01-21 01:41:25', '2019-01-21 01:41:25'),
(179, 31, 'Susie Ziemann', 'Sint alias est sequi enim. Excepturi qui error nulla aliquam. Sapiente ullam nesciunt velit ipsum. Et sunt nam id inventore maiores non.', 4, '2019-01-21 01:41:25', '2019-01-21 01:41:25'),
(180, 5, 'Miss Priscilla Dickinson', 'Debitis delectus at perferendis voluptas. Sapiente quos autem consequatur. Earum laborum ea sed provident aut ut nihil.', 5, '2019-01-21 01:41:26', '2019-01-21 01:41:26'),
(181, 37, 'Tierra Reichert', 'Culpa sed ullam dolorem odit repudiandae ut. Sit perferendis dolorem earum officia. Non nihil qui aut et iure maiores minus molestiae.', 1, '2019-01-21 01:41:26', '2019-01-21 01:41:26'),
(182, 7, 'Lincoln Harris', 'Consequuntur earum excepturi quidem culpa impedit animi tempore. Molestias molestiae quam sed ut facere et corporis aut. Sit enim hic ullam reiciendis. Rerum et voluptatem nulla voluptatum.', 3, '2019-01-21 01:41:26', '2019-01-21 01:41:26'),
(183, 11, 'Dr. Myron Ferry DVM', 'Placeat doloribus velit eos. Aut aut velit et adipisci assumenda dolore et. Exercitationem et quisquam corrupti et. Ipsam iure aut qui soluta velit sapiente iste.', 2, '2019-01-21 01:41:26', '2019-01-21 01:41:26'),
(184, 39, 'Enos Ferry', 'Velit est veniam velit saepe. Voluptatibus voluptatem et explicabo deleniti ut veniam reiciendis. Quibusdam architecto eum et odio.', 2, '2019-01-21 01:41:26', '2019-01-21 01:41:26'),
(185, 17, 'Clementina Gerlach', 'Magnam et neque quam sed quos. Est eum placeat voluptas est. Ipsa voluptatem repudiandae eligendi.', 3, '2019-01-21 01:41:26', '2019-01-21 01:41:26'),
(186, 7, 'Sophia Wolf', 'Fugiat sit sequi vitae a esse. Quas dolores libero deleniti non. Eos incidunt qui velit placeat. Distinctio porro sint voluptatem mollitia ea.', 5, '2019-01-21 01:41:26', '2019-01-21 01:41:26'),
(187, 4, 'Helene Wehner III', 'Voluptatum debitis aut cumque dolor quibusdam fugiat non voluptas. Soluta sit illo sit dolores consequatur rerum. Rem dignissimos itaque ipsa.', 4, '2019-01-21 01:41:26', '2019-01-21 01:41:26'),
(188, 23, 'Vincenza Boyer', 'Quod occaecati vero architecto. Nulla dolorum quis dolor voluptate vitae nihil placeat. Quos nobis voluptatum et tempora ex unde.', 2, '2019-01-21 01:41:26', '2019-01-21 01:41:26'),
(189, 9, 'Verda Rohan', 'Et consequuntur excepturi sit non ut enim vitae amet. Eos est dicta numquam laborum quae ea itaque.', 1, '2019-01-21 01:41:26', '2019-01-21 01:41:26'),
(190, 15, 'Prof. Britney Herman DVM', 'Aut ullam vero quo autem excepturi. Dolores qui temporibus iste facere iusto suscipit enim. Hic assumenda dolores veniam ut dignissimos. Aliquam eum voluptatem dolores laborum dignissimos dolores. Corporis excepturi qui atque itaque qui voluptatibus.', 3, '2019-01-21 01:41:26', '2019-01-21 01:41:26'),
(191, 47, 'Prof. Mariane Towne', 'Reiciendis consequatur molestiae temporibus. Earum perferendis quidem quas ut quo. Sed quia maxime et rerum excepturi ea aliquam. Non porro ut quo accusamus.', 2, '2019-01-21 01:41:26', '2019-01-21 01:41:26'),
(192, 46, 'Monte Runolfsdottir', 'Natus dicta dolorem sit quia ad est. Quo iste et repellat dignissimos nostrum rem. Explicabo qui non cupiditate rerum voluptatem quisquam sit.', 4, '2019-01-21 01:41:26', '2019-01-21 01:41:26'),
(193, 17, 'Mr. Angel Klocko Sr.', 'Reprehenderit magni impedit omnis nihil. Atque libero est quis quaerat velit id sunt. Magni amet facilis saepe. Beatae possimus velit eveniet veniam earum aliquam.', 1, '2019-01-21 01:41:26', '2019-01-21 01:41:26'),
(194, 4, 'Prof. Rylan Wilkinson', 'Quas repellendus dignissimos repudiandae asperiores nam. Ut nam et et error. Repudiandae recusandae quia assumenda quis est est. Et voluptatem et quis alias eos reiciendis. Labore aspernatur architecto recusandae.', 3, '2019-01-21 01:41:26', '2019-01-21 01:41:26'),
(195, 6, 'Thea Ernser', 'Voluptatem aut sed culpa qui assumenda sed autem. Impedit itaque architecto consequatur et dolore qui repudiandae amet. Amet ex sed ea libero velit.', 2, '2019-01-21 01:41:26', '2019-01-21 01:41:26'),
(196, 31, 'Mustafa Weissnat', 'Dolores pariatur occaecati necessitatibus. Quia quo molestias labore maxime. Et recusandae possimus ab excepturi incidunt. Eos debitis consequatur aspernatur itaque.', 4, '2019-01-21 01:41:26', '2019-01-21 01:41:26'),
(197, 22, 'Hassie Keeling PhD', 'Ab voluptate numquam est quia sapiente consequatur. Animi rerum exercitationem sint odit sapiente error. Similique voluptate voluptatum aliquid quia facere voluptatibus sequi.', 3, '2019-01-21 01:41:26', '2019-01-21 01:41:26'),
(198, 3, 'Abbey Torphy', 'Ipsum fugiat necessitatibus alias consequatur repellat. Quam laboriosam praesentium ut quis similique dolores. Quod maiores velit ut expedita. Ducimus repellendus aut ex doloribus libero architecto reprehenderit.', 0, '2019-01-21 01:41:26', '2019-01-21 01:41:26'),
(199, 6, 'Violette Hane Jr.', 'Laboriosam rerum sed omnis nemo optio vel autem. Ut reprehenderit optio suscipit odit est qui. Possimus quos ut ducimus.', 5, '2019-01-21 01:41:26', '2019-01-21 01:41:26'),
(200, 9, 'Mrs. Elvera Pollich', 'Illo ducimus eum laudantium iure. Consequuntur itaque in accusantium iusto voluptatibus.', 2, '2019-01-21 01:41:26', '2019-01-21 01:41:26'),
(201, 34, 'Celestino Ziemann', 'Adipisci architecto exercitationem eius reprehenderit. Et accusantium enim maiores sequi dicta. Laudantium autem voluptates sunt consectetur ipsa corrupti. Error est voluptas suscipit ut ut eaque.', 2, '2019-01-21 01:41:26', '2019-01-21 01:41:26'),
(202, 1, 'Trent Turner I', 'Quasi et repellat quam qui adipisci assumenda. Voluptatem hic minima officiis non quam error id. Praesentium magnam maiores qui assumenda commodi. Aut sint voluptas laboriosam quibusdam quia. Rerum ea est aut et corrupti.', 1, '2019-01-21 01:41:27', '2019-01-21 01:41:27'),
(203, 14, 'Mrs. Marianne Hoppe I', 'Voluptatem voluptates culpa omnis fuga. Et eum necessitatibus consequatur odit laboriosam. Ad deserunt enim molestiae nemo ducimus quasi.', 4, '2019-01-21 01:41:27', '2019-01-21 01:41:27'),
(204, 9, 'Dr. Alexanne Medhurst DDS', 'Iure voluptates non provident veniam error provident. Cupiditate quod nisi id tempora ut id. Doloremque tempore id incidunt magnam rerum.', 5, '2019-01-21 01:41:27', '2019-01-21 01:41:27'),
(205, 22, 'Adam Doyle DVM', 'Qui dolorem optio praesentium aliquam dolor dolore. Vero quasi ut dolorem exercitationem laborum animi. Amet ut provident quo quo ut asperiores. Porro enim voluptatum voluptate.', 3, '2019-01-21 01:41:27', '2019-01-21 01:41:27'),
(206, 3, 'May Satterfield', 'Quisquam amet ex debitis dolorem et. Saepe suscipit et consequatur ut ratione ad quia. Nesciunt eum ea dolore nobis. Fuga mollitia voluptate inventore distinctio repellat quo sit.', 5, '2019-01-21 01:41:27', '2019-01-21 01:41:27'),
(207, 19, 'Clarabelle Veum', 'Dignissimos cum qui nemo excepturi alias sint asperiores. A quo accusantium quia adipisci unde recusandae ut sed. Consequuntur temporibus beatae ea quia consequatur itaque.', 5, '2019-01-21 01:41:27', '2019-01-21 01:41:27');
INSERT INTO `reviews` (`id`, `product_id`, `customer`, `review`, `star`, `created_at`, `updated_at`) VALUES
(208, 40, 'Santiago Predovic', 'Velit sed cumque aut illo dignissimos labore. Neque voluptas assumenda quia nam incidunt iste et dolor. Beatae ipsam et dignissimos illum dolor aut dolor.', 0, '2019-01-21 01:41:27', '2019-01-21 01:41:27'),
(209, 19, 'Ezekiel King', 'Accusamus quae ullam ut et consequatur. Et itaque eaque aut sit vitae nihil. Enim praesentium ut quibusdam omnis similique aperiam. Est similique nulla et eligendi sunt ut esse.', 2, '2019-01-21 01:41:27', '2019-01-21 01:41:27'),
(210, 23, 'Damien Hill', 'Aliquid velit odio quaerat et. Omnis voluptatem aut consequatur aut cumque.', 4, '2019-01-21 01:41:27', '2019-01-21 01:41:27'),
(211, 10, 'Nichole Greenfelder', 'Quasi dolore rerum at. Veritatis iure enim consequatur quae ea recusandae. Quam deserunt nobis quos in. Beatae laborum animi ipsum vitae.', 0, '2019-01-21 01:41:27', '2019-01-21 01:41:27'),
(212, 40, 'Rylee Becker', 'Modi labore veritatis facere quisquam iusto ipsum corporis. Harum animi qui quam maxime voluptatum. Est consequatur corporis autem nobis dolorem quia corporis.', 0, '2019-01-21 01:41:27', '2019-01-21 01:41:27'),
(213, 11, 'Nannie Smitham', 'Accusamus dolor in praesentium praesentium dignissimos. Laborum voluptate quam quasi rerum aut dolor. Occaecati qui quibusdam aperiam hic.', 3, '2019-01-21 01:41:27', '2019-01-21 01:41:27'),
(214, 21, 'Prof. Destany Heathcote', 'Provident non corporis est quam natus mollitia non. Ducimus laudantium sint quo nostrum. Eveniet architecto ut mollitia amet quisquam.', 3, '2019-01-21 01:41:27', '2019-01-21 01:41:27'),
(215, 33, 'Leonor Lang', 'Deserunt aut totam quo magni quas nulla sint cum. Ut magni consequatur veniam. Quam neque non culpa iste sit eum. Nihil sint mollitia sed quis.', 4, '2019-01-21 01:41:27', '2019-01-21 01:41:27'),
(216, 39, 'Mr. Trevor Schaden Jr.', 'Nesciunt accusantium omnis non ab. Aut vitae commodi aut. Est aliquid laboriosam eius sunt aut tempora.', 3, '2019-01-21 01:41:27', '2019-01-21 01:41:27'),
(217, 30, 'Jesus Howell', 'Et est aut molestias perferendis voluptatem ut accusamus. Sint asperiores sunt ullam assumenda totam et ut. Ea voluptas iste velit voluptates quod architecto doloribus. Enim aliquam veritatis maxime.', 3, '2019-01-21 01:41:27', '2019-01-21 01:41:27'),
(218, 44, 'Prof. Kristin Goyette', 'Ratione assumenda reiciendis similique repudiandae quae porro. Nulla sit sunt odit velit repellat. Provident est sit et molestiae sint.', 4, '2019-01-21 01:41:27', '2019-01-21 01:41:27'),
(219, 14, 'Ocie Bahringer', 'Sit saepe aliquam ut laborum officiis voluptate repudiandae quis. Quibusdam et commodi iusto ratione. Nostrum fugiat provident architecto sit quibusdam. Similique dolorum id sed.', 1, '2019-01-21 01:41:27', '2019-01-21 01:41:27'),
(220, 34, 'Morton Paucek', 'Placeat quidem in inventore laborum quasi. Aut similique dolores architecto doloremque eos ad. Ipsa magnam omnis ad atque repellat ut.', 1, '2019-01-21 01:41:27', '2019-01-21 01:41:27'),
(221, 1, 'Prof. Jana Gleichner IV', 'Et nulla accusamus molestiae in. Enim et ratione temporibus ea dolores. Asperiores accusantium sint eaque in suscipit voluptatem et. Iusto libero autem aut non aut animi sed ut.', 0, '2019-01-21 01:41:28', '2019-01-21 01:41:28'),
(222, 8, 'Prof. Haylee Heller DVM', 'Dolorum tenetur et est quam. Qui aut odit consequatur aut. Ad qui iure et quidem delectus.', 3, '2019-01-21 01:41:28', '2019-01-21 01:41:28'),
(223, 44, 'Alessia Ward', 'Consequatur quod blanditiis numquam et fugit dolores. Molestiae animi qui aperiam unde adipisci. Animi ipsam reprehenderit minus.', 2, '2019-01-21 01:41:28', '2019-01-21 01:41:28'),
(224, 30, 'Arianna Bernhard', 'Laboriosam labore aut tenetur ratione. Qui eius consectetur est incidunt. Quod itaque cumque laboriosam sit eum.', 3, '2019-01-21 01:41:28', '2019-01-21 01:41:28'),
(225, 28, 'Bria Hintz', 'Est quaerat provident iure porro aut dolorum delectus. Amet hic veritatis repellat ratione id expedita. Est expedita et aliquid perferendis dolor.', 0, '2019-01-21 01:41:28', '2019-01-21 01:41:28'),
(226, 9, 'Raymond Balistreri', 'Vitae consectetur quaerat enim illum. Mollitia autem consequuntur aut excepturi dolores. Vitae porro autem maiores.', 5, '2019-01-21 01:41:28', '2019-01-21 01:41:28'),
(227, 4, 'Ms. Caroline Corwin', 'Rerum ratione odit a ratione. Vitae vitae ut aut. Expedita distinctio tenetur quod dolores esse consequuntur non.', 2, '2019-01-21 01:41:28', '2019-01-21 01:41:28'),
(228, 37, 'Deontae Gerhold', 'Veniam molestiae repellat ab dolorem. Odio sed ducimus fugiat fugit temporibus cupiditate amet. Quia est quasi consequatur corrupti aut.', 4, '2019-01-21 01:41:28', '2019-01-21 01:41:28'),
(229, 12, 'Mrs. Elvera Effertz', 'Sit nostrum est est repudiandae quia. Tenetur sunt eos quasi quisquam. Non deserunt occaecati quidem. Fugit maxime quisquam odit quaerat nobis omnis. Atque eos officia omnis quia.', 3, '2019-01-21 01:41:28', '2019-01-21 01:41:28'),
(230, 24, 'Merl Russel V', 'Ut voluptate dignissimos praesentium quis. Incidunt nihil ut eius et inventore. Vel quis porro sed blanditiis magnam. Ea sint ratione eos eum quibusdam porro.', 5, '2019-01-21 01:41:28', '2019-01-21 01:41:28'),
(231, 16, 'Kimberly Lang DVM', 'Et harum ut quis velit eum cupiditate sit. Voluptates modi expedita quisquam pariatur assumenda. Perferendis accusamus consectetur maxime et. Voluptates nihil quibusdam ut consectetur tempore.', 1, '2019-01-21 01:41:28', '2019-01-21 01:41:28'),
(232, 41, 'Alexandrine Lebsack', 'Eum eaque voluptatem autem reiciendis ut quia odio rerum. Rem voluptas deserunt magnam. Dolores mollitia fugit soluta sed vero.', 2, '2019-01-21 01:41:28', '2019-01-21 01:41:28'),
(233, 33, 'Prof. Katheryn Rice', 'Voluptate a ea temporibus sit numquam est dicta. Et aliquam ipsum unde adipisci. Sint repudiandae laborum voluptatem reprehenderit. Deleniti qui qui animi dignissimos in. Non quidem voluptatem sit.', 0, '2019-01-21 01:41:28', '2019-01-21 01:41:28'),
(234, 37, 'Danial Olson', 'Reprehenderit sunt explicabo velit est. Ut nihil enim et rerum in sed tempora. Temporibus maxime autem quo culpa ipsam voluptatibus. Fuga repellendus officia nobis enim eum alias.', 2, '2019-01-21 01:41:28', '2019-01-21 01:41:28'),
(235, 44, 'Mr. Jimmie Zieme III', 'Ipsa iure veritatis voluptate id dolore eos. Et laborum qui est dolorem. Est eos iusto impedit repudiandae ut.', 0, '2019-01-21 01:41:28', '2019-01-21 01:41:28'),
(236, 11, 'Peyton Murphy', 'Laborum sit molestias expedita quam. Animi tempora modi cumque doloribus debitis. Non reprehenderit dolor consequatur ipsum non ea. Quo aut consectetur ea laudantium et facere debitis impedit.', 0, '2019-01-21 01:41:28', '2019-01-21 01:41:28'),
(237, 17, 'Clay Kiehn', 'Quasi ea sint id nesciunt error. Harum libero qui corrupti itaque iure. Eos atque ut temporibus et rem.', 2, '2019-01-21 01:41:28', '2019-01-21 01:41:28'),
(238, 20, 'Prof. Lewis Greenfelder IV', 'Est est temporibus quae qui tempora et. Sapiente corporis eveniet cum. Ab molestias illum ut quis. Sint porro totam sequi iste quasi est.', 5, '2019-01-21 01:41:29', '2019-01-21 01:41:29'),
(239, 25, 'Prof. Noemie Huels', 'Et tempora vero eos et qui officiis. Aut velit rerum quia dignissimos aliquam doloremque. Impedit quia quisquam distinctio sit eligendi. Quia alias quibusdam placeat aliquam eos delectus voluptatem. Deserunt debitis debitis saepe laborum porro in aspernatur et.', 4, '2019-01-21 01:41:29', '2019-01-21 01:41:29'),
(240, 15, 'Clovis Kris IV', 'Et aut tempore ipsum dolorem repellat et iste. Et mollitia id repellat earum. Eum non dolorem sed et. Est quae voluptatem itaque eius.', 0, '2019-01-21 01:41:29', '2019-01-21 01:41:29'),
(241, 10, 'Mr. Mathew O\'Hara', 'Quis at alias excepturi error. Laboriosam laborum ut possimus. Necessitatibus deserunt impedit aut omnis corporis labore.', 2, '2019-01-21 01:41:29', '2019-01-21 01:41:29'),
(242, 3, 'Dr. Florian Brekke', 'Fugiat iusto est voluptate ut fugit culpa. Dignissimos veritatis laborum similique id. Quisquam odit id illo voluptates qui. Sint qui quibusdam quia aut.', 1, '2019-01-21 01:41:29', '2019-01-21 01:41:29'),
(243, 50, 'Prof. Flossie Smitham', 'Consequatur exercitationem dolores minus vel mollitia delectus numquam unde. Animi ab atque et sed. Sint enim quidem perferendis. Laboriosam quod et ducimus earum.', 2, '2019-01-21 01:41:29', '2019-01-21 01:41:29'),
(244, 28, 'Lavonne Stokes', 'Id recusandae corrupti in quos consectetur nihil. Non voluptatem voluptas inventore repudiandae nemo. Laudantium cum cupiditate hic saepe non quibusdam assumenda. Nisi quaerat eius quis.', 0, '2019-01-21 01:41:29', '2019-01-21 01:41:29'),
(245, 49, 'Dr. Tatum Swift Jr.', 'Voluptatem tempora ut non eos dolore. Eos sed magni ratione ut. Est quia vitae est voluptatibus.', 2, '2019-01-21 01:41:29', '2019-01-21 01:41:29'),
(246, 33, 'Antwon Rau', 'Corrupti alias assumenda vitae voluptatem et id in. Consequatur sunt qui quo soluta ut ab. Similique quam delectus iure magnam velit modi occaecati laboriosam.', 0, '2019-01-21 01:41:29', '2019-01-21 01:41:29'),
(247, 34, 'Dr. Hunter Thiel', 'Ad dolore est rem veritatis molestias itaque eaque est. Possimus modi aut dolorem. Provident et culpa nemo dolores qui est. Rem aperiam ex laboriosam error aliquam impedit.', 0, '2019-01-21 01:41:29', '2019-01-21 01:41:29'),
(248, 38, 'Abbie Hodkiewicz Jr.', 'Culpa totam necessitatibus deleniti voluptatem culpa eum. Et qui quaerat earum praesentium. Est expedita assumenda rerum.', 5, '2019-01-21 01:41:29', '2019-01-21 01:41:29'),
(249, 30, 'Kendra Johnston', 'Rerum modi quaerat natus quis. Eligendi hic rerum doloribus exercitationem. Et adipisci sint vitae excepturi omnis explicabo eos. Fugiat nihil velit omnis omnis quidem ea ut.', 3, '2019-01-21 01:41:29', '2019-01-21 01:41:29'),
(250, 22, 'Raul Paucek', 'Ut id quas illo suscipit aut occaecati. Dolorem autem aspernatur tempore. Deleniti quibusdam deleniti non quod ducimus animi.', 0, '2019-01-21 01:41:29', '2019-01-21 01:41:29'),
(251, 26, 'Alvis Ritchie', 'Ut facilis repellat reiciendis consequatur molestiae sit excepturi. Dolores eos illo maiores et et eaque. Eos repudiandae voluptatibus et maxime voluptatem non magnam consequatur. Asperiores et dolor veniam labore.', 0, '2019-01-21 01:41:29', '2019-01-21 01:41:29'),
(252, 40, 'Tessie Howe', 'Ut vel eius debitis nobis in in. Quia repudiandae odio temporibus enim placeat. Sunt quisquam optio odio delectus esse et sunt. Vel qui voluptatem illum sequi est doloremque nemo. Omnis fuga aut minima corporis possimus ea.', 5, '2019-01-21 01:41:29', '2019-01-21 01:41:29'),
(253, 10, 'Angel Bode', 'Aut ipsa est ab dolores voluptates laborum sunt eum. Officia nisi reiciendis eius. Quia aliquam quis numquam dolor assumenda qui eveniet pariatur.', 0, '2019-01-21 01:41:29', '2019-01-21 01:41:29'),
(254, 35, 'Cali Trantow I', 'Et velit ad praesentium doloremque perspiciatis incidunt. Magni aut commodi enim quis. Laboriosam non ut iusto in ea eveniet est. Velit quos ex est reprehenderit pariatur qui.', 2, '2019-01-21 01:41:29', '2019-01-21 01:41:29'),
(255, 6, 'Caesar Turcotte', 'Dignissimos omnis sequi corporis consectetur. Autem unde non eos sed. Iusto nesciunt consequuntur recusandae odit repudiandae veritatis.', 0, '2019-01-21 01:41:29', '2019-01-21 01:41:29'),
(256, 14, 'Liza Macejkovic Jr.', 'Laboriosam assumenda commodi non ad tenetur reiciendis. Animi excepturi consequatur quaerat aut. Adipisci aliquid aliquid magnam aliquam ex. Molestiae recusandae corporis et doloribus quia est labore.', 3, '2019-01-21 01:41:29', '2019-01-21 01:41:29'),
(257, 35, 'Dr. Hilton Okuneva DVM', 'Dignissimos accusantium quaerat quasi. Non rerum assumenda corporis eum commodi dolore. Harum quo earum voluptas perspiciatis id id pariatur. Voluptates eos vero maxime eos architecto blanditiis. Voluptatum sunt consequatur voluptas aut illum voluptas ab.', 3, '2019-01-21 01:41:29', '2019-01-21 01:41:29'),
(258, 10, 'Royal Gerhold', 'Voluptas vero consequuntur placeat numquam id dolor. Aliquam iste quia ea minus voluptas. Dolores minus quas eligendi ut deleniti fuga repellendus. Ratione sint porro vel autem voluptas aliquid.', 2, '2019-01-21 01:41:30', '2019-01-21 01:41:30'),
(259, 11, 'Cory Veum DVM', 'Et et libero nesciunt excepturi consequatur. Autem consequatur ad eum quidem ut et. Quasi explicabo est assumenda maiores natus dolor quo.', 4, '2019-01-21 01:41:30', '2019-01-21 01:41:30'),
(260, 14, 'Noble Schulist II', 'Assumenda architecto velit et et reprehenderit nesciunt ut. In ducimus quo quod in exercitationem amet illo facere. Consequatur iure quam non et maxime. Non quos unde nesciunt ab vitae molestias.', 2, '2019-01-21 01:41:30', '2019-01-21 01:41:30'),
(261, 34, 'Ali Beahan PhD', 'Quam culpa velit maiores delectus unde. Sint quia labore placeat maxime maiores dolorem. Officiis omnis corrupti voluptas sunt animi.', 5, '2019-01-21 01:41:30', '2019-01-21 01:41:30'),
(262, 25, 'Alivia Fahey V', 'Sit vel hic voluptate commodi sed recusandae. Ex nihil laboriosam architecto autem reprehenderit iure qui. Quia eum ut nobis. Voluptatem vero eveniet qui quis impedit cum ab. Expedita minima earum a est qui omnis.', 2, '2019-01-21 01:41:30', '2019-01-21 01:41:30'),
(263, 44, 'Addison McGlynn', 'Optio consectetur doloremque voluptas aspernatur blanditiis id. Consequatur cumque quam dolorem veniam id suscipit veniam quae.', 2, '2019-01-21 01:41:30', '2019-01-21 01:41:30'),
(264, 23, 'Sydnie Champlin II', 'Fugiat reprehenderit officia dolores quod. Nihil expedita debitis quia sit beatae. Neque nulla quia omnis autem.', 3, '2019-01-21 01:41:30', '2019-01-21 01:41:30'),
(265, 1, 'Derrick Padberg', 'Repellendus magni corrupti illum adipisci perspiciatis. Autem rerum animi sit sit sit. Dolor accusamus nihil similique.', 2, '2019-01-21 01:41:30', '2019-01-21 01:41:30'),
(266, 15, 'Bessie Frami', 'Voluptates sint quo explicabo eum debitis dolore sed dolores. Velit quam magni et qui in rerum. Voluptas voluptates aut sed nihil.', 0, '2019-01-21 01:41:30', '2019-01-21 01:41:30'),
(267, 32, 'Mr. Damian Connelly DDS', 'Sit expedita pariatur tempore recusandae ut. Iste sit omnis est dolore. Qui et dolore quam delectus ea suscipit ut. Nemo cumque excepturi est consequatur saepe sed.', 3, '2019-01-21 01:41:30', '2019-01-21 01:41:30'),
(268, 47, 'Prof. Griffin Smitham V', 'Autem nihil eligendi unde fugit saepe. Consequatur sunt officiis quam dolores temporibus deleniti animi. Voluptates asperiores pariatur aliquid. Occaecati aliquam quas delectus reiciendis sint.', 4, '2019-01-21 01:41:30', '2019-01-21 01:41:30'),
(269, 37, 'Chaz Kassulke', 'Voluptatem enim sit excepturi omnis sunt qui qui. Harum quo nemo recusandae ratione sequi molestias et placeat. Veritatis voluptates facilis laborum excepturi quam consequatur. Et quidem quia debitis eius.', 2, '2019-01-21 01:41:30', '2019-01-21 01:41:30'),
(270, 4, 'Dr. Joany Watsica', 'Est non eligendi maiores animi qui nesciunt enim. Recusandae blanditiis minima et ipsa quae consectetur excepturi.', 1, '2019-01-21 01:41:30', '2019-01-21 01:41:30'),
(271, 1, 'Mrs. Julia Gerhold', 'Blanditiis magni et quis aut. Suscipit nam a assumenda totam.', 5, '2019-01-21 01:41:30', '2019-01-21 01:41:30'),
(272, 27, 'Alford Upton', 'Sit nesciunt autem qui reiciendis quis. Sit asperiores beatae sit eos officia distinctio veniam. Aut et commodi aut eligendi eos cumque quis aut.', 4, '2019-01-21 01:41:30', '2019-01-21 01:41:30'),
(273, 1, 'Vernie Pacocha III', 'Aperiam laudantium ad quidem adipisci nobis quia. Saepe rem rerum pariatur vero est numquam. Itaque dolor ducimus sed est. Iure atque dolore et molestias.', 4, '2019-01-21 01:41:30', '2019-01-21 01:41:30'),
(274, 29, 'Vicky Gerlach', 'Modi dolorem enim ratione. Expedita odit quaerat cupiditate eum magni. Fuga voluptatem nulla laboriosam velit. Unde voluptas molestiae sed facilis quisquam cum voluptate.', 0, '2019-01-21 01:41:30', '2019-01-21 01:41:30'),
(275, 45, 'Malinda Howe', 'Eveniet non iste molestias nemo debitis ut et illo. Molestiae assumenda et aut vitae laborum. Consequatur architecto voluptas quasi vel repudiandae. Unde nam distinctio et.', 0, '2019-01-21 01:41:30', '2019-01-21 01:41:30'),
(276, 21, 'Dr. Eldon Marks Jr.', 'Maiores iste ut reiciendis nihil. Libero assumenda eius facilis. Nihil nostrum architecto iusto pariatur eveniet minima.', 5, '2019-01-21 01:41:30', '2019-01-21 01:41:30'),
(277, 46, 'Joey Nitzsche', 'Quas non debitis exercitationem ad et. Quidem id quam rerum accusantium similique. Enim dolore quis totam.', 5, '2019-01-21 01:41:30', '2019-01-21 01:41:30'),
(278, 32, 'Kennith Hintz', 'Reiciendis voluptatum cum veritatis totam distinctio molestiae occaecati. Aspernatur ea culpa ducimus sint rerum quis dolorem. Non sint natus at veniam. Saepe officia et soluta libero laudantium aut.', 4, '2019-01-21 01:41:30', '2019-01-21 01:41:30'),
(279, 6, 'Immanuel Mayer', 'Quisquam eveniet est sed aut assumenda veniam. Ut neque in minima totam. Repudiandae dolorem et nesciunt dolores sed earum sit molestiae. Eum et molestiae facere laborum debitis aut quam aut.', 3, '2019-01-21 01:41:30', '2019-01-21 01:41:30'),
(280, 9, 'Mr. Pietro Boyer', 'Suscipit consequuntur et officia sint quis. Iusto et voluptate architecto facere facilis odit soluta. Nisi vero pariatur expedita excepturi voluptate.', 0, '2019-01-21 01:41:31', '2019-01-21 01:41:31'),
(281, 6, 'Caterina Berge', 'Et fuga suscipit dolorem unde. Aut tempore tempora officia molestiae. Laborum amet quibusdam tempore. Accusantium dolorum exercitationem amet eum qui.', 1, '2019-01-21 01:41:31', '2019-01-21 01:41:31'),
(282, 37, 'Ward Wintheiser', 'Molestiae qui dolor pariatur dicta. Architecto possimus quia consequuntur odit nam omnis. Magnam eum consequatur magnam mollitia quibusdam totam nemo.', 0, '2019-01-21 01:41:31', '2019-01-21 01:41:31'),
(283, 10, 'Antwan Veum', 'Quae veniam facilis asperiores delectus. Voluptatem voluptas numquam voluptate voluptas. Quam quia fuga maxime sed ipsam est. Molestiae commodi voluptatum placeat culpa debitis voluptate sed.', 3, '2019-01-21 01:41:31', '2019-01-21 01:41:31'),
(284, 28, 'Maddison Russel I', 'Rerum deleniti vero maiores officia omnis cupiditate dolorem. Ipsum sunt officia eum assumenda distinctio aut. Dolores nulla est qui maiores molestiae aspernatur ea ipsum. Quod reprehenderit quam ut id doloremque ea amet.', 4, '2019-01-21 01:41:31', '2019-01-21 01:41:31'),
(285, 22, 'Ms. Sallie Hill IV', 'Voluptatem quidem et possimus necessitatibus aliquid eum et. Blanditiis ea dolores ad recusandae. Ad iure nihil saepe magnam. Ea dolorum dolorum architecto omnis est.', 5, '2019-01-21 01:41:31', '2019-01-21 01:41:31'),
(286, 48, 'Micheal Nikolaus', 'Quo ut ad dolorem hic quod nostrum excepturi. Doloribus dolores earum velit facere. Perferendis sed tenetur quibusdam fugit dolore ipsam provident.', 2, '2019-01-21 01:41:31', '2019-01-21 01:41:31'),
(287, 35, 'Dr. Ismael Fadel', 'Et est dolorem voluptatem et. Suscipit iste cumque consequatur est animi quibusdam. Eveniet velit aut est quod non. Voluptate aut deserunt quibusdam harum et ut.', 2, '2019-01-21 01:41:31', '2019-01-21 01:41:31'),
(288, 27, 'Dillan Reynolds', 'Iste quidem odit et fuga sit natus. Quisquam odio ducimus et eaque molestiae ipsum dolore minus. Natus asperiores asperiores animi corrupti quo dolor quam. Molestias molestias reiciendis in doloremque animi.', 3, '2019-01-21 01:41:31', '2019-01-21 01:41:31'),
(289, 13, 'Judge Wuckert', 'Molestiae est sunt est et. Et esse maxime minus. Qui repudiandae sit voluptas dicta porro magni architecto veritatis. Beatae quia dolore recusandae dolor molestiae sed explicabo. Qui hic beatae quas architecto aut.', 5, '2019-01-21 01:41:31', '2019-01-21 01:41:31'),
(290, 11, 'Jack Wilkinson', 'Nihil quia nesciunt dolor sed. Explicabo quo beatae quasi temporibus eum aut. Beatae unde magnam voluptas molestiae rem praesentium tempore.', 1, '2019-01-21 01:41:31', '2019-01-21 01:41:31'),
(291, 32, 'Sven Hansen', 'Deserunt eligendi asperiores ab laborum. Quaerat vel reprehenderit voluptates. Qui totam ad sit occaecati aliquid suscipit molestiae. Voluptatem aut voluptatem eos quam corrupti consequatur beatae.', 2, '2019-01-21 01:41:31', '2019-01-21 01:41:31'),
(292, 8, 'Naomi McClure', 'Suscipit numquam dolorum et itaque consequatur adipisci. Ad nihil et sunt consectetur dolores incidunt mollitia quidem. Voluptatem et iusto voluptatibus enim dolorum ea voluptas voluptas. Inventore placeat officiis ad alias iste aliquam qui.', 2, '2019-01-21 01:41:31', '2019-01-21 01:41:31'),
(293, 39, 'Mrs. Jakayla Roberts', 'Dolorem ducimus expedita quisquam eos iusto qui amet. Nobis quia veniam est ratione consequuntur ut.', 4, '2019-01-21 01:41:31', '2019-01-21 01:41:31'),
(294, 10, 'Audie Haag', 'Natus optio est quibusdam at suscipit adipisci minima. Et rerum sit vitae omnis. Itaque quisquam aut qui id omnis.', 2, '2019-01-21 01:41:31', '2019-01-21 01:41:31'),
(295, 9, 'Koby Breitenberg', 'Ad repellat occaecati et aperiam praesentium repudiandae. Est ut et ad a dicta dolore. Est qui aut sint ab similique nulla. In id nobis voluptatem veritatis placeat eveniet praesentium.', 2, '2019-01-21 01:41:31', '2019-01-21 01:41:31'),
(296, 36, 'Raegan Gerhold', 'Excepturi similique excepturi quis aliquam. Ex sed officiis quidem natus amet optio nihil. Earum rem beatae vitae sit temporibus provident. Cupiditate vero saepe fugiat adipisci minus tenetur. Et non error voluptatem quo debitis optio neque.', 1, '2019-01-21 01:41:31', '2019-01-21 01:41:31'),
(297, 37, 'Ms. Linda Kling', 'Aut et repudiandae quisquam excepturi velit aut. Asperiores quia velit odit ab eum molestias animi. Iusto sed omnis et modi et impedit sit.', 2, '2019-01-21 01:41:31', '2019-01-21 01:41:31'),
(298, 22, 'Claudine McClure', 'Voluptatem exercitationem aut animi et fugiat consequatur. Impedit debitis voluptas assumenda delectus labore saepe. Earum ullam voluptatum sed odit autem.', 3, '2019-01-21 01:41:31', '2019-01-21 01:41:31'),
(299, 22, 'Cleta Huel', 'Voluptate est autem veritatis beatae. Perferendis hic quisquam voluptas consequatur. Sapiente quia dicta quis molestiae quibusdam. A ut fugiat officia perspiciatis excepturi.', 4, '2019-01-21 01:41:31', '2019-01-21 01:41:31'),
(300, 50, 'Rosemarie Willms', 'Voluptas et dolorem ut temporibus autem. Sit est aliquid ut omnis in et aut. Sunt adipisci exercitationem sit ea voluptates omnis. Sint modi voluptatum voluptate itaque vel fugiat eveniet. Provident exercitationem nobis assumenda asperiores aut quam et.', 1, '2019-01-21 01:41:31', '2019-01-21 01:41:31');

-- --------------------------------------------------------

--
-- Table structure for table `users`
--

CREATE TABLE `users` (
  `id` int(10) UNSIGNED NOT NULL,
  `name` varchar(191) COLLATE utf8mb4_unicode_ci NOT NULL,
  `email` varchar(191) COLLATE utf8mb4_unicode_ci NOT NULL,
  `email_verified_at` timestamp NULL DEFAULT NULL,
  `password` varchar(191) COLLATE utf8mb4_unicode_ci NOT NULL,
  `remember_token` varchar(100) COLLATE utf8mb4_unicode_ci DEFAULT NULL,
  `created_at` timestamp NULL DEFAULT NULL,
  `updated_at` timestamp NULL DEFAULT NULL
) ENGINE=InnoDB DEFAULT CHARSET=utf8mb4 COLLATE=utf8mb4_unicode_ci;

--
-- Indexes for dumped tables
--

--
-- Indexes for table `migrations`
--
ALTER TABLE `migrations`
  ADD PRIMARY KEY (`id`);

--
-- Indexes for table `password_resets`
--
ALTER TABLE `password_resets`
  ADD KEY `password_resets_email_index` (`email`);

--
-- Indexes for table `products`
--
ALTER TABLE `products`
  ADD PRIMARY KEY (`id`);

--
-- Indexes for table `reviews`
--
ALTER TABLE `reviews`
  ADD PRIMARY KEY (`id`),
  ADD KEY `reviews_product_id_index` (`product_id`);

--
-- Indexes for table `users`
--
ALTER TABLE `users`
  ADD PRIMARY KEY (`id`),
  ADD UNIQUE KEY `users_email_unique` (`email`);

--
-- AUTO_INCREMENT for dumped tables
--

--
-- AUTO_INCREMENT for table `migrations`
--
ALTER TABLE `migrations`
  MODIFY `id` int(10) UNSIGNED NOT NULL AUTO_INCREMENT, AUTO_INCREMENT=5;

--
-- AUTO_INCREMENT for table `products`
--
ALTER TABLE `products`
  MODIFY `id` int(10) UNSIGNED NOT NULL AUTO_INCREMENT, AUTO_INCREMENT=51;

--
-- AUTO_INCREMENT for table `reviews`
--
ALTER TABLE `reviews`
  MODIFY `id` int(10) UNSIGNED NOT NULL AUTO_INCREMENT, AUTO_INCREMENT=301;

--
-- AUTO_INCREMENT for table `users`
--
ALTER TABLE `users`
  MODIFY `id` int(10) UNSIGNED NOT NULL AUTO_INCREMENT;

--
-- Constraints for dumped tables
--

--
-- Constraints for table `reviews`
--
ALTER TABLE `reviews`
  ADD CONSTRAINT `reviews_product_id_foreign` FOREIGN KEY (`product_id`) REFERENCES `products` (`id`) ON DELETE CASCADE;
COMMIT;

/*!40101 SET CHARACTER_SET_CLIENT=@OLD_CHARACTER_SET_CLIENT */;
/*!40101 SET CHARACTER_SET_RESULTS=@OLD_CHARACTER_SET_RESULTS */;
/*!40101 SET COLLATION_CONNECTION=@OLD_COLLATION_CONNECTION */;
